"",amazon_reviews_2023,article_bias_prediction,bignewsbln,commoncrawl_news_articles,dem_rep_party_platform_topics,dialogsum,free_news,goodreads_book_genres,gpt4_political_bias,gpt4_political_ideologies,imdb,imdb_movie_genres,media_political_stance,medium_post_titles,news_category,pens,polibertweet,political_or_not,political_podcasts,political_tweets,qbias,recipes,reddit_comments,reddit_submissions,rotten_tomatoes,textbooks,tweet_topic_multi,yelp_review_full,average
dataset_benchmark/leave_one_out/politicalness/POLITICS/amazon_reviews_2023,9253 / 9257,5632 / 5632,14728 / 15000,12266 / 12317,1724 / 1734,1922 / 1922,2242 / 2600,1071 / 1075,92 / 92,480 / 480,14764 / 14770,15577 / 15609,14593 / 15000,5870 / 7070,16913 / 17933,9690 / 10249,2893 / 3000,565 / 578,1640 / 1657,14752 / 15000,3210 / 3257,9799 / 9808,30632 / 31072,12280 / 12310,1596 / 1597,20042 / 20826,3205 / 3212,14993 / 15000,NULL
dataset_benchmark/leave_one_out/politicalness/POLITICS/article_bias_prediction,9252 / 9257,5461 / 5632,14627 / 15000,12258 / 12317,1728 / 1734,1916 / 1922,2211 / 2600,1070 / 1075,92 / 92,480 / 480,14743 / 14770,15537 / 15609,14611 / 15000,5969 / 7070,16976 / 17933,9016 / 10249,2911 / 3000,571 / 578,1644 / 1657,14750 / 15000,3224 / 3257,9806 / 9808,30500 / 31072,12272 / 12310,1594 / 1597,20112 / 20826,3207 / 3212,14990 / 15000,NULL
dataset_benchmark/leave_one_out/politicalness/POLITICS/bignewsbln,9252 / 9257,5632 / 5632,13776 / 15000,12272 / 12317,1729 / 1734,1918 / 1922,2197 / 2600,1068 / 1075,92 / 92,480 / 480,14744 / 14770,15551 / 15609,14739 / 15000,6071 / 7070,16981 / 17933,9632 / 10249,2901 / 3000,569 / 578,1642 / 1657,14821 / 15000,3226 / 3257,9801 / 9808,30422 / 31072,12275 / 12310,1597 / 1597,20166 / 20826,3188 / 3212,14987 / 15000,NULL
dataset_benchmark/leave_one_out/politicalness/POLITICS/commoncrawl_news_articles,9256 / 9257,5629 / 5632,14714 / 15000,12132 / 12317,1728 / 1734,1919 / 1922,2188 / 2600,1070 / 1075,92 / 92,480 / 480,14749 / 14770,15547 / 15609,14739 / 15000,6084 / 7070,16938 / 17933,9483 / 10249,2891 / 3000,565 / 578,1642 / 1657,14781 / 15000,3227 / 3257,9801 / 9808,30529 / 31072,12263 / 12310,1595 / 1597,20172 / 20826,3198 / 3212,14991 / 15000,NULL
dataset_benchmark/leave_one_out/politicalness/POLITICS/dem_rep_party_platform_topics,9254 / 9257,5630 / 5632,14644 / 15000,12232 / 12317,1696 / 1734,1917 / 1922,2235 / 2600,1074 / 1075,92 / 92,480 / 480,14761 / 14770,15583 / 15609,14650 / 15000,6035 / 7070,16891 / 17933,9430 / 10249,2886 / 3000,570 / 578,1642 / 1657,14724 / 15000,3220 / 3257,9805 / 9808,30547 / 31072,12263 / 12310,1596 / 1597,20219 / 20826,3190 / 3212,14990 / 15000,NULL
dataset_benchmark/leave_one_out/politicalness/POLITICS/dialogsum,9256 / 9257,5630 / 5632,14647 / 15000,12253 / 12317,1727 / 1734,1913 / 1922,2185 / 2600,1070 / 1075,92 / 92,480 / 480,14765 / 14770,15584 / 15609,14614 / 15000,5952 / 7070,16924 / 17933,9688 / 10249,2918 / 3000,566 / 578,1636 / 1657,14772 / 15000,3222 / 3257,9805 / 9808,30614 / 31072,12288 / 12310,1597 / 1597,20135 / 20826,3199 / 3212,14991 / 15000,NULL
dataset_benchmark/leave_one_out/politicalness/POLITICS/free_news,9254 / 9257,5631 / 5632,14767 / 15000,12262 / 12317,1726 / 1734,1920 / 1922,1881 / 2600,1071 / 1075,92 / 92,480 / 480,14764 / 14770,15548 / 15609,14677 / 15000,5919 / 7070,16935 / 17933,9626 / 10249,2923 / 3000,571 / 578,1637 / 1657,14731 / 15000,3220 / 3257,9804 / 9808,30536 / 31072,12285 / 12310,1596 / 1597,19975 / 20826,3195 / 3212,14991 / 15000,NULL
dataset_benchmark/leave_one_out/politicalness/POLITICS/goodreads_book_genres,9254 / 9257,5632 / 5632,14527 / 15000,12238 / 12317,1728 / 1734,1921 / 1922,2155 / 2600,922 / 1075,92 / 92,480 / 480,14759 / 14770,15575 / 15609,14645 / 15000,5760 / 7070,16918 / 17933,8980 / 10249,2904 / 3000,564 / 578,1636 / 1657,14712 / 15000,3213 / 3257,9800 / 9808,30638 / 31072,12296 / 12310,1596 / 1597,20182 / 20826,3208 / 3212,14995 / 15000,NULL
dataset_benchmark/leave_one_out/politicalness/POLITICS/gpt4_political_bias,9251 / 9257,5631 / 5632,14796 / 15000,12283 / 12317,1731 / 1734,1915 / 1922,2203 / 2600,1069 / 1075,92 / 92,480 / 480,14735 / 14770,15545 / 15609,14721 / 15000,5952 / 7070,16930 / 17933,9218 / 10249,2899 / 3000,571 / 578,1644 / 1657,14814 / 15000,3216 / 3257,9800 / 9808,30420 / 31072,12272 / 12310,1593 / 1597,20031 / 20826,3201 / 3212,14981 / 15000,NULL
dataset_benchmark/leave_one_out/politicalness/POLITICS/gpt4_political_ideologies,9250 / 9257,5630 / 5632,14648 / 15000,12257 / 12317,1729 / 1734,1917 / 1922,2188 / 2600,1070 / 1075,92 / 92,446 / 480,14760 / 14770,15565 / 15609,14614 / 15000,5923 / 7070,16939 / 17933,9557 / 10249,2858 / 3000,569 / 578,1639 / 1657,14777 / 15000,3221 / 3257,9805 / 9808,30519 / 31072,12282 / 12310,1596 / 1597,20068 / 20826,3197 / 3212,14988 / 15000,NULL
dataset_benchmark/leave_one_out/politicalness/POLITICS/imdb,9251 / 9257,5631 / 5632,14581 / 15000,12235 / 12317,1728 / 1734,1920 / 1922,2153 / 2600,1071 / 1075,92 / 92,480 / 480,14678 / 14770,15579 / 15609,14666 / 15000,6151 / 7070,16959 / 17933,9352 / 10249,2904 / 3000,567 / 578,1635 / 1657,14788 / 15000,3211 / 3257,9804 / 9808,30472 / 31072,12292 / 12310,1594 / 1597,20167 / 20826,3198 / 3212,14986 / 15000,NULL
dataset_benchmark/leave_one_out/politicalness/POLITICS/imdb_movie_genres,9251 / 9257,5631 / 5632,14742 / 15000,12261 / 12317,1731 / 1734,1919 / 1922,2219 / 2600,1066 / 1075,92 / 92,480 / 480,14750 / 14770,15286 / 15609,14727 / 15000,6073 / 7070,16953 / 17933,9532 / 10249,2898 / 3000,564 / 578,1644 / 1657,14815 / 15000,3223 / 3257,9801 / 9808,30436 / 31072,12286 / 12310,1596 / 1597,20028 / 20826,3194 / 3212,14988 / 15000,NULL
dataset_benchmark/leave_one_out/politicalness/POLITICS/media_political_stance,9245 / 9257,5632 / 5632,14693 / 15000,12233 / 12317,1729 / 1734,1920 / 1922,2257 / 2600,1070 / 1075,92 / 92,480 / 480,14765 / 14770,15530 / 15609,12481 / 15000,6073 / 7070,16906 / 17933,9669 / 10249,2884 / 3000,567 / 578,1644 / 1657,14818 / 15000,3230 / 3257,9801 / 9808,30473 / 31072,12275 / 12310,1593 / 1597,20348 / 20826,3197 / 3212,14993 / 15000,NULL
dataset_benchmark/leave_one_out/politicalness/POLITICS/medium_post_titles,9235 / 9257,5631 / 5632,14760 / 15000,12272 / 12317,1732 / 1734,1912 / 1922,2167 / 2600,1067 / 1075,92 / 92,480 / 480,14756 / 14770,15508 / 15609,14701 / 15000,6265 / 7070,16965 / 17933,9628 / 10249,2881 / 3000,567 / 578,1646 / 1657,14822 / 15000,3236 / 3257,9802 / 9808,30240 / 31072,12266 / 12310,1591 / 1597,20224 / 20826,3190 / 3212,14976 / 15000,NULL
dataset_benchmark/leave_one_out/politicalness/POLITICS/news_category,9256 / 9257,5632 / 5632,14654 / 15000,12270 / 12317,1724 / 1734,1920 / 1922,2171 / 2600,1066 / 1075,92 / 92,480 / 480,14755 / 14770,15552 / 15609,14679 / 15000,5345 / 7070,15550 / 17933,9586 / 10249,2910 / 3000,569 / 578,1637 / 1657,14715 / 15000,3226 / 3257,9805 / 9808,30581 / 31072,12282 / 12310,1596 / 1597,20375 / 20826,3200 / 3212,14988 / 15000,NULL
dataset_benchmark/leave_one_out/politicalness/POLITICS/pens,9246 / 9257,5631 / 5632,14940 / 15000,12273 / 12317,1729 / 1734,1917 / 1922,2235 / 2600,1067 / 1075,92 / 92,480 / 480,14737 / 14770,15519 / 15609,14762 / 15000,6242 / 7070,16827 / 17933,8042 / 10249,2889 / 3000,566 / 578,1640 / 1657,14802 / 15000,3237 / 3257,9804 / 9808,30324 / 31072,12262 / 12310,1595 / 1597,20384 / 20826,3175 / 3212,14988 / 15000,NULL
dataset_benchmark/leave_one_out/politicalness/POLITICS/polibertweet,9253 / 9257,5632 / 5632,14700 / 15000,12252 / 12317,1730 / 1734,1920 / 1922,2222 / 2600,1066 / 1075,92 / 92,480 / 480,14748 / 14770,15521 / 15609,14603 / 15000,6081 / 7070,16943 / 17933,9257 / 10249,2548 / 3000,567 / 578,1639 / 1657,14768 / 15000,3226 / 3257,9804 / 9808,30517 / 31072,12283 / 12310,1593 / 1597,20269 / 20826,3202 / 3212,14990 / 15000,NULL
dataset_benchmark/leave_one_out/politicalness/POLITICS/political_or_not,9250 / 9257,5632 / 5632,14619 / 15000,12270 / 12317,1727 / 1734,1920 / 1922,2206 / 2600,1065 / 1075,92 / 92,480 / 480,14745 / 14770,15595 / 15609,14762 / 15000,6002 / 7070,16972 / 17933,9252 / 10249,2895 / 3000,440 / 578,1642 / 1657,14723 / 15000,3227 / 3257,9805 / 9808,30626 / 31072,12284 / 12310,1597 / 1597,20168 / 20826,3194 / 3212,14991 / 15000,NULL
dataset_benchmark/leave_one_out/politicalness/POLITICS/political_podcasts,9254 / 9257,5631 / 5632,14556 / 15000,12255 / 12317,1730 / 1734,1917 / 1922,2162 / 2600,1072 / 1075,92 / 92,480 / 480,14750 / 14770,15571 / 15609,14637 / 15000,5979 / 7070,16979 / 17933,9224 / 10249,2891 / 3000,567 / 578,1288 / 1657,14798 / 15000,3210 / 3257,9804 / 9808,30485 / 31072,12282 / 12310,1595 / 1597,20164 / 20826,3196 / 3212,14989 / 15000,NULL
dataset_benchmark/leave_one_out/politicalness/POLITICS/political_tweets,9250 / 9257,5632 / 5632,14610 / 15000,12268 / 12317,1731 / 1734,1920 / 1922,2196 / 2600,1069 / 1075,92 / 92,480 / 480,14753 / 14770,15560 / 15609,14618 / 15000,5978 / 7070,16851 / 17933,9401 / 10249,2900 / 3000,566 / 578,1638 / 1657,8782 / 15000,3219 / 3257,9804 / 9808,30522 / 31072,12270 / 12310,1591 / 1597,20049 / 20826,3205 / 3212,14989 / 15000,NULL
dataset_benchmark/leave_one_out/politicalness/POLITICS/qbias,9250 / 9257,5632 / 5632,14589 / 15000,12262 / 12317,1729 / 1734,1919 / 1922,2224 / 2600,1070 / 1075,92 / 92,480 / 480,14760 / 14770,15543 / 15609,14637 / 15000,5904 / 7070,16974 / 17933,9702 / 10249,2886 / 3000,568 / 578,1643 / 1657,14785 / 15000,3012 / 3257,9800 / 9808,30431 / 31072,12276 / 12310,1596 / 1597,20271 / 20826,3195 / 3212,14994 / 15000,NULL
dataset_benchmark/leave_one_out/politicalness/POLITICS/recipes,9251 / 9257,5630 / 5632,14631 / 15000,12272 / 12317,1729 / 1734,1920 / 1922,2205 / 2600,1072 / 1075,92 / 92,480 / 480,14747 / 14770,15539 / 15609,14676 / 15000,5997 / 7070,16956 / 17933,9426 / 10249,2903 / 3000,568 / 578,1641 / 1657,14708 / 15000,3230 / 3257,9801 / 9808,30608 / 31072,12249 / 12310,1596 / 1597,20173 / 20826,3198 / 3212,14992 / 15000,NULL
dataset_benchmark/leave_one_out/politicalness/POLITICS/reddit_comments,9244 / 9257,5632 / 5632,14644 / 15000,12282 / 12317,1731 / 1734,1917 / 1922,2215 / 2600,1070 / 1075,92 / 92,480 / 480,14757 / 14770,15530 / 15609,14633 / 15000,6116 / 7070,16943 / 17933,9591 / 10249,2899 / 3000,569 / 578,1639 / 1657,14825 / 15000,3219 / 3257,9801 / 9808,28941 / 31072,12248 / 12310,1596 / 1597,20408 / 20826,3194 / 3212,14977 / 15000,NULL
dataset_benchmark/leave_one_out/politicalness/POLITICS/reddit_submissions,9251 / 9257,5631 / 5632,14723 / 15000,12271 / 12317,1730 / 1734,1919 / 1922,2215 / 2600,1070 / 1075,92 / 92,480 / 480,14753 / 14770,15514 / 15609,14739 / 15000,5951 / 7070,16919 / 17933,9775 / 10249,2904 / 3000,565 / 578,1644 / 1657,14739 / 15000,3220 / 3257,9805 / 9808,30545 / 31072,12216 / 12310,1596 / 1597,20270 / 20826,3200 / 3212,14992 / 15000,NULL
dataset_benchmark/leave_one_out/politicalness/POLITICS/rotten_tomatoes,9252 / 9257,5632 / 5632,14791 / 15000,12281 / 12317,1727 / 1734,1920 / 1922,2200 / 2600,1070 / 1075,92 / 92,480 / 480,14756 / 14770,15553 / 15609,14753 / 15000,6112 / 7070,16897 / 17933,9482 / 10249,2884 / 3000,570 / 578,1643 / 1657,14781 / 15000,3230 / 3257,9802 / 9808,30390 / 31072,12273 / 12310,1574 / 1597,20031 / 20826,3201 / 3212,14990 / 15000,NULL
dataset_benchmark/leave_one_out/politicalness/POLITICS/textbooks,9251 / 9257,5632 / 5632,14678 / 15000,12263 / 12317,1729 / 1734,1921 / 1922,2197 / 2600,1073 / 1075,92 / 92,480 / 480,14755 / 14770,15557 / 15609,14730 / 15000,5801 / 7070,16879 / 17933,9798 / 10249,2895 / 3000,568 / 578,1639 / 1657,14756 / 15000,3215 / 3257,9805 / 9808,30561 / 31072,12273 / 12310,1592 / 1597,18345 / 20826,3199 / 3212,14990 / 15000,NULL
dataset_benchmark/leave_one_out/politicalness/POLITICS/tweet_topic_multi,9249 / 9257,5630 / 5632,14746 / 15000,12285 / 12317,1730 / 1734,1917 / 1922,2213 / 2600,1067 / 1075,92 / 92,480 / 480,14753 / 14770,15532 / 15609,14742 / 15000,6154 / 7070,16862 / 17933,8944 / 10249,2877 / 3000,565 / 578,1639 / 1657,14875 / 15000,3234 / 3257,9800 / 9808,30020 / 31072,12268 / 12310,1594 / 1597,20118 / 20826,2728 / 3212,14972 / 15000,NULL
dataset_benchmark/leave_one_out/politicalness/POLITICS/yelp_review_full,9250 / 9257,5630 / 5632,14701 / 15000,12264 / 12317,1731 / 1734,1916 / 1922,2200 / 2600,1072 / 1075,92 / 92,480 / 480,14764 / 14770,15557 / 15609,14623 / 15000,6010 / 7070,16919 / 17933,8824 / 10249,2879 / 3000,564 / 578,1637 / 1657,14815 / 15000,3217 / 3257,9805 / 9808,30439 / 31072,12277 / 12310,1591 / 1597,20131 / 20826,3188 / 3212,14984 / 15000,NULL
,NULL,NULL,NULL,NULL,NULL,NULL,NULL,NULL,NULL,NULL,NULL,NULL,NULL,NULL,NULL,NULL,NULL,NULL,NULL,NULL,NULL,NULL,NULL,NULL,NULL,NULL,NULL,NULL,NULL
dataset_benchmark/leave_one_out/politicalness/POLITICS/amazon_reviews_2023,1.000,1.000,0.982,0.996,0.994,1.000,0.862,0.996,1.0,1.000,1.000,0.998,0.973,0.830,0.943,0.945,0.964,0.978,0.990,0.983,0.986,0.999,0.986,0.998,0.999,0.962,0.998,1.000,0.976
dataset_benchmark/leave_one_out/politicalness/POLITICS/article_bias_prediction,0.999,0.970,0.975,0.995,0.997,0.997,0.850,0.995,1.0,1.000,0.998,0.995,0.974,0.844,0.947,0.880,0.970,0.988,0.992,0.983,0.990,1.000,0.982,0.997,0.998,0.966,0.998,0.999,0.974
dataset_benchmark/leave_one_out/politicalness/POLITICS/bignewsbln,0.999,1.000,0.918,0.996,0.997,0.998,0.845,0.993,1.0,1.000,0.998,0.996,0.983,0.859,0.947,0.940,0.967,0.984,0.991,0.988,0.990,0.999,0.979,0.997,1.000,0.968,0.993,0.999,0.978
dataset_benchmark/leave_one_out/politicalness/POLITICS/commoncrawl_news_articles,1.000,0.999,0.981,0.985,0.997,0.998,0.842,0.995,1.0,1.000,0.999,0.996,0.983,0.861,0.945,0.925,0.964,0.978,0.991,0.985,0.991,0.999,0.983,0.996,0.999,0.969,0.996,0.999,0.977
dataset_benchmark/leave_one_out/politicalness/POLITICS/dem_rep_party_platform_topics,1.000,1.000,0.976,0.993,0.978,0.997,0.860,0.999,1.0,1.000,0.999,0.998,0.977,0.854,0.942,0.920,0.962,0.986,0.991,0.982,0.989,1.000,0.983,0.996,0.999,0.971,0.993,0.999,0.977
dataset_benchmark/leave_one_out/politicalness/POLITICS/dialogsum,1.000,1.000,0.976,0.995,0.996,0.995,0.840,0.995,1.0,1.000,1.000,0.998,0.974,0.842,0.944,0.945,0.973,0.979,0.987,0.985,0.989,1.000,0.985,0.998,1.000,0.967,0.996,0.999,0.976
dataset_benchmark/leave_one_out/politicalness/POLITICS/free_news,1.000,1.000,0.984,0.996,0.995,0.999,0.723,0.996,1.0,1.000,1.000,0.996,0.978,0.837,0.944,0.939,0.974,0.988,0.988,0.982,0.989,1.000,0.983,0.998,0.999,0.959,0.995,0.999,0.982
dataset_benchmark/leave_one_out/politicalness/POLITICS/goodreads_book_genres,1.000,1.000,0.968,0.994,0.997,0.999,0.829,0.858,1.0,1.000,0.999,0.998,0.976,0.815,0.943,0.876,0.968,0.976,0.987,0.981,0.986,0.999,0.986,0.999,0.999,0.969,0.999,1.000,0.972
dataset_benchmark/leave_one_out/politicalness/POLITICS/gpt4_political_bias,0.999,1.000,0.986,0.997,0.998,0.996,0.847,0.994,1.0,1.000,0.998,0.996,0.981,0.842,0.944,0.899,0.966,0.988,0.992,0.988,0.987,0.999,0.979,0.997,0.997,0.962,0.997,0.999,0.975
dataset_benchmark/leave_one_out/politicalness/POLITICS/gpt4_political_ideologies,0.999,1.000,0.977,0.995,0.997,0.997,0.842,0.995,1.0,0.929,0.999,0.997,0.974,0.838,0.945,0.932,0.953,0.984,0.989,0.985,0.989,1.000,0.982,0.998,0.999,0.964,0.995,0.999,0.975
dataset_benchmark/leave_one_out/politicalness/POLITICS/imdb,0.999,1.000,0.972,0.993,0.997,0.999,0.828,0.996,1.0,1.000,0.994,0.998,0.978,0.870,0.946,0.912,0.968,0.981,0.987,0.986,0.986,1.000,0.981,0.999,0.998,0.968,0.996,0.999,0.975
dataset_benchmark/leave_one_out/politicalness/POLITICS/imdb_movie_genres,0.999,1.000,0.983,0.995,0.998,0.998,0.853,0.992,1.0,1.000,0.999,0.979,0.982,0.859,0.945,0.930,0.966,0.976,0.992,0.988,0.990,0.999,0.980,0.998,0.999,0.962,0.994,0.999,0.977
dataset_benchmark/leave_one_out/politicalness/POLITICS/media_political_stance,0.999,1.000,0.980,0.993,0.997,0.999,0.868,0.995,1.0,1.000,1.000,0.995,0.832,0.859,0.943,0.943,0.961,0.981,0.992,0.988,0.992,0.999,0.981,0.997,0.997,0.977,0.995,1.000,0.979
dataset_benchmark/leave_one_out/politicalness/POLITICS/medium_post_titles,0.998,1.000,0.984,0.996,0.999,0.995,0.833,0.993,1.0,1.000,0.999,0.994,0.980,0.886,0.946,0.939,0.960,0.981,0.993,0.988,0.994,0.999,0.973,0.996,0.996,0.971,0.993,0.998,0.981
dataset_benchmark/leave_one_out/politicalness/POLITICS/news_category,1.000,1.000,0.977,0.996,0.994,0.999,0.835,0.992,1.0,1.000,0.999,0.996,0.979,0.756,0.867,0.935,0.970,0.984,0.988,0.981,0.990,1.000,0.984,0.998,0.999,0.978,0.996,0.999,0.975
dataset_benchmark/leave_one_out/politicalness/POLITICS/pens,0.999,1.000,0.996,0.996,0.997,0.997,0.860,0.993,1.0,1.000,0.998,0.994,0.984,0.883,0.938,0.785,0.963,0.979,0.990,0.987,0.994,1.000,0.976,0.996,0.999,0.979,0.988,0.999,0.981
dataset_benchmark/leave_one_out/politicalness/POLITICS/polibertweet,1.000,1.000,0.980,0.995,0.998,0.999,0.855,0.992,1.0,1.000,0.999,0.994,0.974,0.860,0.945,0.903,0.849,0.981,0.989,0.985,0.990,1.000,0.982,0.998,0.997,0.973,0.997,0.999,0.977
dataset_benchmark/leave_one_out/politicalness/POLITICS/political_or_not,0.999,1.000,0.975,0.996,0.996,0.999,0.848,0.991,1.0,1.000,0.998,0.999,0.984,0.849,0.946,0.903,0.965,0.761,0.991,0.982,0.991,1.000,0.986,0.998,1.000,0.968,0.994,0.999,0.976
dataset_benchmark/leave_one_out/politicalness/POLITICS/political_podcasts,1.000,1.000,0.970,0.995,0.998,0.997,0.832,0.997,1.0,1.000,0.999,0.998,0.976,0.846,0.947,0.900,0.964,0.981,0.777,0.987,0.986,1.000,0.981,0.998,0.999,0.968,0.995,0.999,0.975
dataset_benchmark/leave_one_out/politicalness/POLITICS/political_tweets,0.999,1.000,0.974,0.996,0.998,0.999,0.845,0.994,1.0,1.000,0.999,0.997,0.975,0.846,0.940,0.917,0.967,0.979,0.989,0.585,0.988,1.000,0.982,0.997,0.996,0.963,0.998,0.999,0.975
dataset_benchmark/leave_one_out/politicalness/POLITICS/qbias,0.999,1.000,0.973,0.996,0.997,0.998,0.855,0.995,1.0,1.000,0.999,0.996,0.976,0.835,0.947,0.947,0.962,0.983,0.992,0.986,0.925,0.999,0.979,0.997,0.999,0.973,0.995,1.000,0.977
dataset_benchmark/leave_one_out/politicalness/POLITICS/recipes,0.999,1.000,0.975,0.996,0.997,0.999,0.848,0.997,1.0,1.000,0.998,0.996,0.978,0.848,0.946,0.920,0.968,0.983,0.990,0.981,0.992,0.999,0.985,0.995,0.999,0.969,0.996,0.999,0.976
dataset_benchmark/leave_one_out/politicalness/POLITICS/reddit_comments,0.999,1.000,0.976,0.997,0.998,0.997,0.852,0.995,1.0,1.000,0.999,0.995,0.976,0.865,0.945,0.936,0.966,0.984,0.989,0.988,0.988,0.999,0.931,0.995,0.999,0.980,0.994,0.998,0.978
dataset_benchmark/leave_one_out/politicalness/POLITICS/reddit_submissions,0.999,1.000,0.982,0.996,0.998,0.998,0.852,0.995,1.0,1.000,0.999,0.994,0.983,0.842,0.943,0.954,0.968,0.978,0.992,0.983,0.989,1.000,0.983,0.992,0.999,0.973,0.996,0.999,0.978
dataset_benchmark/leave_one_out/politicalness/POLITICS/rotten_tomatoes,0.999,1.000,0.986,0.997,0.996,0.999,0.846,0.995,1.0,1.000,0.999,0.996,0.984,0.864,0.942,0.925,0.961,0.986,0.992,0.985,0.992,0.999,0.978,0.997,0.986,0.962,0.997,0.999,0.977
dataset_benchmark/leave_one_out/politicalness/POLITICS/textbooks,0.999,1.000,0.979,0.996,0.997,0.999,0.845,0.998,1.0,1.000,0.999,0.997,0.982,0.821,0.941,0.956,0.965,0.983,0.989,0.984,0.987,1.000,0.984,0.997,0.997,0.881,0.996,0.999,0.977
dataset_benchmark/leave_one_out/politicalness/POLITICS/tweet_topic_multi,0.999,1.000,0.983,0.997,0.998,0.997,0.851,0.993,1.0,1.000,0.999,0.995,0.983,0.870,0.940,0.873,0.959,0.978,0.989,0.992,0.993,0.999,0.966,0.997,0.998,0.966,0.849,0.998,0.975
dataset_benchmark/leave_one_out/politicalness/POLITICS/yelp_review_full,0.999,1.000,0.980,0.996,0.998,0.997,0.846,0.997,1.0,1.000,1.000,0.997,0.975,0.850,0.943,0.861,0.960,0.976,0.988,0.988,0.988,1.000,0.980,0.997,0.996,0.967,0.993,0.999,0.973
,NULL,NULL,NULL,NULL,NULL,NULL,NULL,NULL,NULL,NULL,NULL,NULL,NULL,NULL,NULL,NULL,NULL,NULL,NULL,NULL,NULL,NULL,NULL,NULL,NULL,NULL,NULL,NULL,NULL
dataset_benchmark/leave_one_out/politicalness/POLITICS/amazon_reviews_2023,1.000,1.000,0.991,0.998,0.997,1.000,0.862,0.998,1.0,1.000,1.000,0.999,0.986,0.823,0.943,0.945,0.964,0.978,0.995,0.992,0.993,1.000,0.993,0.999,1.000,0.954,0.999,1.000,0.978
dataset_benchmark/leave_one_out/politicalness/POLITICS/article_bias_prediction,1.000,0.985,0.987,0.998,0.998,0.998,0.849,0.998,1.0,1.000,0.999,0.998,0.987,0.839,0.947,0.878,0.970,0.988,0.996,0.992,0.995,1.000,0.991,0.998,0.999,0.958,0.999,1.000,0.976
dataset_benchmark/leave_one_out/politicalness/POLITICS/bignewsbln,1.000,1.000,0.957,0.998,0.999,0.999,0.844,0.997,1.0,1.000,0.999,0.998,0.991,0.855,0.947,0.940,0.967,0.984,0.995,0.994,0.995,1.000,0.989,0.999,1.000,0.963,0.996,1.000,0.980
dataset_benchmark/leave_one_out/politicalness/POLITICS/commoncrawl_news_articles,1.000,1.000,0.990,0.992,0.998,0.999,0.841,0.998,1.0,1.000,0.999,0.998,0.991,0.857,0.945,0.925,0.964,0.978,0.995,0.993,0.995,1.000,0.991,0.998,0.999,0.963,0.998,1.000,0.978
dataset_benchmark/leave_one_out/politicalness/POLITICS/dem_rep_party_platform_topics,1.000,1.000,0.988,0.997,0.989,0.999,0.859,1.000,1.0,1.000,1.000,0.999,0.988,0.849,0.942,0.920,0.962,0.986,0.995,0.991,0.994,1.000,0.991,0.998,1.000,0.966,0.997,1.000,0.979
dataset_benchmark/leave_one_out/politicalness/POLITICS/dialogsum,1.000,1.000,0.988,0.997,0.998,0.998,0.839,0.998,1.0,1.000,1.000,0.999,0.987,0.836,0.944,0.945,0.973,0.979,0.994,0.992,0.995,1.000,0.993,0.999,1.000,0.961,0.998,1.000,0.978
dataset_benchmark/leave_one_out/politicalness/POLITICS/free_news,1.000,1.000,0.992,0.998,0.998,0.999,0.717,0.998,1.0,1.000,1.000,0.998,0.989,0.831,0.944,0.939,0.974,0.988,0.994,0.991,0.994,1.000,0.991,0.999,1.000,0.948,0.997,1.000,0.984
dataset_benchmark/leave_one_out/politicalness/POLITICS/goodreads_book_genres,1.000,1.000,0.984,0.997,0.998,1.000,0.827,0.923,1.0,1.000,1.000,0.999,0.988,0.805,0.943,0.874,0.968,0.976,0.994,0.990,0.993,1.000,0.993,0.999,1.000,0.964,0.999,1.000,0.974
dataset_benchmark/leave_one_out/politicalness/POLITICS/gpt4_political_bias,1.000,1.000,0.993,0.999,0.999,0.998,0.847,0.997,1.0,1.000,0.999,0.998,0.991,0.836,0.944,0.899,0.966,0.988,0.996,0.994,0.994,1.000,0.989,0.998,0.999,0.954,0.998,0.999,0.977
dataset_benchmark/leave_one_out/politicalness/POLITICS/gpt4_political_ideologies,1.000,1.000,0.988,0.998,0.999,0.999,0.841,0.998,1.0,0.963,1.000,0.999,0.987,0.832,0.945,0.932,0.953,0.984,0.995,0.993,0.994,1.000,0.991,0.999,1.000,0.955,0.998,1.000,0.977
dataset_benchmark/leave_one_out/politicalness/POLITICS/imdb,1.000,1.000,0.986,0.997,0.998,0.999,0.826,0.998,1.0,1.000,0.997,0.999,0.989,0.867,0.946,0.912,0.968,0.981,0.993,0.993,0.993,1.000,0.990,0.999,0.999,0.963,0.998,1.000,0.978
dataset_benchmark/leave_one_out/politicalness/POLITICS/imdb_movie_genres,1.000,1.000,0.991,0.998,0.999,0.999,0.853,0.996,1.0,1.000,0.999,0.990,0.991,0.855,0.945,0.930,0.966,0.976,0.996,0.994,0.995,1.000,0.990,0.999,1.000,0.952,0.997,1.000,0.979
dataset_benchmark/leave_one_out/politicalness/POLITICS/media_political_stance,0.999,1.000,0.990,0.997,0.999,0.999,0.868,0.998,1.0,1.000,1.000,0.997,0.908,0.855,0.943,0.943,0.961,0.981,0.996,0.994,0.996,1.000,0.990,0.999,0.999,0.975,0.998,1.000,0.981
dataset_benchmark/leave_one_out/politicalness/POLITICS/medium_post_titles,0.999,1.000,0.992,0.998,0.999,0.997,0.833,0.996,1.0,1.000,1.000,0.997,0.990,0.886,0.946,0.939,0.960,0.981,0.997,0.994,0.997,1.000,0.986,0.998,0.998,0.968,0.997,0.999,0.984
dataset_benchmark/leave_one_out/politicalness/POLITICS/news_category,1.000,1.000,0.988,0.998,0.997,0.999,0.833,0.996,1.0,1.000,0.999,0.998,0.989,0.735,0.866,0.935,0.970,0.984,0.994,0.990,0.995,1.000,0.992,0.999,1.000,0.977,0.998,1.000,0.977
dataset_benchmark/leave_one_out/politicalness/POLITICS/pens,0.999,1.000,0.998,0.998,0.999,0.999,0.860,0.996,1.0,1.000,0.999,0.997,0.992,0.881,0.938,0.780,0.963,0.979,0.995,0.993,0.997,1.000,0.988,0.998,0.999,0.978,0.994,1.000,0.983
dataset_benchmark/leave_one_out/politicalness/POLITICS/polibertweet,1.000,1.000,0.990,0.997,0.999,0.999,0.854,0.996,1.0,1.000,0.999,0.997,0.987,0.856,0.945,0.902,0.847,0.981,0.995,0.992,0.995,1.000,0.991,0.999,0.999,0.971,0.998,1.000,0.979
dataset_benchmark/leave_one_out/politicalness/POLITICS/political_or_not,1.000,1.000,0.987,0.998,0.998,0.999,0.848,0.995,1.0,1.000,0.999,1.000,0.992,0.844,0.946,0.902,0.965,0.758,0.995,0.991,0.995,1.000,0.993,0.999,1.000,0.964,0.997,1.000,0.978
dataset_benchmark/leave_one_out/politicalness/POLITICS/political_podcasts,1.000,1.000,0.985,0.997,0.999,0.999,0.830,0.999,1.0,1.000,0.999,0.999,0.988,0.840,0.947,0.899,0.964,0.981,0.875,0.993,0.993,1.000,0.990,0.999,0.999,0.963,0.998,1.000,0.976
dataset_benchmark/leave_one_out/politicalness/POLITICS/political_tweets,1.000,1.000,0.987,0.998,0.999,0.999,0.844,0.997,1.0,1.000,0.999,0.998,0.987,0.840,0.940,0.917,0.967,0.979,0.994,0.739,0.994,1.000,0.991,0.998,0.998,0.954,0.999,1.000,0.977
dataset_benchmark/leave_one_out/politicalness/POLITICS/qbias,1.000,1.000,0.986,0.998,0.999,0.999,0.855,0.998,1.0,1.000,1.000,0.998,0.988,0.828,0.947,0.946,0.962,0.983,0.996,0.993,0.961,1.000,0.990,0.999,1.000,0.970,0.997,1.000,0.979
dataset_benchmark/leave_one_out/politicalness/POLITICS/recipes,1.000,1.000,0.988,0.998,0.999,0.999,0.848,0.999,1.0,1.000,0.999,0.998,0.989,0.843,0.946,0.919,0.968,0.983,0.995,0.990,0.996,1.000,0.992,0.998,1.000,0.963,0.998,1.000,0.978
dataset_benchmark/leave_one_out/politicalness/POLITICS/reddit_comments,0.999,1.000,0.988,0.999,0.999,0.999,0.851,0.998,1.0,1.000,1.000,0.997,0.988,0.862,0.945,0.935,0.966,0.984,0.995,0.994,0.994,1.000,0.964,0.997,1.000,0.978,0.997,0.999,0.980
dataset_benchmark/leave_one_out/politicalness/POLITICS/reddit_submissions,1.000,1.000,0.991,0.998,0.999,0.999,0.851,0.998,1.0,1.000,0.999,0.997,0.991,0.836,0.943,0.954,0.968,0.978,0.996,0.991,0.994,1.000,0.991,0.996,1.000,0.970,0.998,1.000,0.979
dataset_benchmark/leave_one_out/politicalness/POLITICS/rotten_tomatoes,1.000,1.000,0.993,0.999,0.998,0.999,0.846,0.998,1.0,1.000,1.000,0.998,0.992,0.861,0.942,0.925,0.961,0.986,0.996,0.993,0.996,1.000,0.989,0.998,0.993,0.954,0.998,1.000,0.979
dataset_benchmark/leave_one_out/politicalness/POLITICS/textbooks,1.000,1.000,0.989,0.998,0.999,1.000,0.844,0.999,1.0,1.000,0.999,0.998,0.991,0.812,0.941,0.956,0.965,0.983,0.995,0.992,0.994,1.000,0.992,0.998,0.998,0.908,0.998,1.000,0.979
dataset_benchmark/leave_one_out/politicalness/POLITICS/tweet_topic_multi,1.000,1.000,0.991,0.999,0.999,0.999,0.851,0.996,1.0,1.000,0.999,0.998,0.991,0.867,0.940,0.870,0.959,0.978,0.995,0.996,0.996,1.000,0.983,0.998,0.999,0.960,0.919,0.999,0.976
dataset_benchmark/leave_one_out/politicalness/POLITICS/yelp_review_full,1.000,1.000,0.990,0.998,0.999,0.998,0.845,0.999,1.0,1.000,1.000,0.998,0.987,0.845,0.943,0.858,0.960,0.976,0.994,0.994,0.994,1.000,0.990,0.999,0.998,0.961,0.996,0.999,0.975
,NULL,NULL,NULL,NULL,NULL,NULL,NULL,NULL,NULL,NULL,NULL,NULL,NULL,NULL,NULL,NULL,NULL,NULL,NULL,NULL,NULL,NULL,NULL,NULL,NULL,NULL,NULL,NULL,NULL
dataset_benchmark/leave_one_out/politicalness/POLITICS/amazon_reviews_2023,1.0,1.0,1.0,1.0,1.0,1.0,0.867,1.0,1.0,1.0,1.0,1.0,1.0,0.865,0.943,0.946,0.964,0.978,1.0,1.0,1.0,1.0,1.0,1.0,1.0,0.960,1.0,1.0,0.982
dataset_benchmark/leave_one_out/politicalness/POLITICS/article_bias_prediction,1.0,1.0,1.0,1.0,1.0,1.0,0.862,1.0,1.0,1.0,1.0,1.0,1.0,0.873,0.947,0.889,0.970,0.988,1.0,1.0,1.0,1.0,1.0,1.0,1.0,0.965,1.0,1.0,0.981
dataset_benchmark/leave_one_out/politicalness/POLITICS/bignewsbln,1.0,1.0,1.0,1.0,1.0,1.0,0.854,1.0,1.0,1.0,1.0,1.0,1.0,0.881,0.947,0.941,0.967,0.984,1.0,1.0,1.0,1.0,1.0,1.0,1.0,0.967,1.0,1.0,0.983
dataset_benchmark/leave_one_out/politicalness/POLITICS/commoncrawl_news_articles,1.0,1.0,1.0,1.0,1.0,1.0,0.847,1.0,1.0,1.0,1.0,1.0,1.0,0.883,0.945,0.926,0.964,0.978,1.0,1.0,1.0,1.0,1.0,1.0,1.0,0.967,1.0,1.0,0.982
dataset_benchmark/leave_one_out/politicalness/POLITICS/dem_rep_party_platform_topics,1.0,1.0,1.0,1.0,1.0,1.0,0.865,1.0,1.0,1.0,1.0,1.0,1.0,0.877,0.942,0.922,0.962,0.986,1.0,1.0,1.0,1.0,1.0,1.0,1.0,0.970,1.0,1.0,0.982
dataset_benchmark/leave_one_out/politicalness/POLITICS/dialogsum,1.0,1.0,1.0,1.0,1.0,1.0,0.851,1.0,1.0,1.0,1.0,1.0,1.0,0.872,0.944,0.946,0.973,0.979,1.0,1.0,1.0,1.0,1.0,1.0,1.0,0.964,1.0,1.0,0.983
dataset_benchmark/leave_one_out/politicalness/POLITICS/free_news,1.0,1.0,1.0,1.0,1.0,1.0,0.745,1.0,1.0,1.0,1.0,1.0,1.0,0.868,0.944,0.941,0.974,0.988,1.0,1.0,1.0,1.0,1.0,1.0,1.0,0.956,1.0,1.0,0.988
dataset_benchmark/leave_one_out/politicalness/POLITICS/goodreads_book_genres,1.0,1.0,1.0,1.0,1.0,1.0,0.841,1.0,1.0,1.0,1.0,1.0,1.0,0.856,0.944,0.889,0.968,0.976,1.0,1.0,1.0,1.0,1.0,1.0,1.0,0.967,1.0,1.0,0.979
dataset_benchmark/leave_one_out/politicalness/POLITICS/gpt4_political_bias,1.0,1.0,1.0,1.0,1.0,1.0,0.850,1.0,1.0,1.0,1.0,1.0,1.0,0.870,0.944,0.902,0.966,0.988,1.0,1.0,1.0,1.0,1.0,1.0,1.0,0.958,1.0,1.0,0.981
dataset_benchmark/leave_one_out/politicalness/POLITICS/gpt4_political_ideologies,1.0,1.0,1.0,1.0,1.0,1.0,0.848,1.0,1.0,1.0,1.0,1.0,1.0,0.865,0.945,0.934,0.953,0.984,1.0,1.0,1.0,1.0,1.0,1.0,1.0,0.962,1.0,1.0,0.981
dataset_benchmark/leave_one_out/politicalness/POLITICS/imdb,1.0,1.0,1.0,1.0,1.0,1.0,0.846,1.0,1.0,1.0,1.0,1.0,1.0,0.889,0.946,0.917,0.968,0.981,1.0,1.0,1.0,1.0,1.0,1.0,1.0,0.967,1.0,1.0,0.982
dataset_benchmark/leave_one_out/politicalness/POLITICS/imdb_movie_genres,1.0,1.0,1.0,1.0,1.0,1.0,0.854,1.0,1.0,1.0,1.0,1.0,1.0,0.879,0.946,0.931,0.966,0.976,1.0,1.0,1.0,1.0,1.0,1.0,1.0,0.960,1.0,1.0,0.982
dataset_benchmark/leave_one_out/politicalness/POLITICS/media_political_stance,1.0,1.0,1.0,1.0,1.0,1.0,0.870,1.0,1.0,1.0,1.0,1.0,1.0,0.881,0.943,0.944,0.962,0.981,1.0,1.0,1.0,1.0,1.0,1.0,1.0,0.976,1.0,1.0,0.984
dataset_benchmark/leave_one_out/politicalness/POLITICS/medium_post_titles,1.0,1.0,1.0,1.0,1.0,1.0,0.839,1.0,1.0,1.0,1.0,1.0,1.0,0.887,0.947,0.940,0.960,0.981,1.0,1.0,1.0,1.0,1.0,1.0,1.0,0.969,1.0,1.0,0.987
dataset_benchmark/leave_one_out/politicalness/POLITICS/news_category,1.0,1.0,1.0,1.0,1.0,1.0,0.848,1.0,1.0,1.0,1.0,1.0,1.0,0.824,0.879,0.937,0.970,0.984,1.0,1.0,1.0,1.0,1.0,1.0,1.0,0.977,1.0,1.0,0.983
dataset_benchmark/leave_one_out/politicalness/POLITICS/pens,1.0,1.0,1.0,1.0,1.0,1.0,0.860,1.0,1.0,1.0,1.0,1.0,1.0,0.895,0.939,0.851,0.963,0.979,1.0,1.0,1.0,1.0,1.0,1.0,1.0,0.978,1.0,1.0,0.986
dataset_benchmark/leave_one_out/politicalness/POLITICS/polibertweet,1.0,1.0,1.0,1.0,1.0,1.0,0.861,1.0,1.0,1.0,1.0,1.0,1.0,0.882,0.945,0.909,0.869,0.981,1.0,1.0,1.0,1.0,1.0,1.0,1.0,0.971,1.0,1.0,0.983
dataset_benchmark/leave_one_out/politicalness/POLITICS/political_or_not,1.0,1.0,1.0,1.0,1.0,1.0,0.855,1.0,1.0,1.0,1.0,1.0,1.0,0.874,0.946,0.908,0.965,0.777,1.0,1.0,1.0,1.0,1.0,1.0,1.0,0.966,1.0,1.0,0.982
dataset_benchmark/leave_one_out/politicalness/POLITICS/political_podcasts,1.0,1.0,1.0,1.0,1.0,1.0,0.841,1.0,1.0,1.0,1.0,1.0,1.0,0.873,0.947,0.906,0.964,0.981,1.0,1.0,1.0,1.0,1.0,1.0,1.0,0.967,1.0,1.0,0.981
dataset_benchmark/leave_one_out/politicalness/POLITICS/political_tweets,1.0,1.0,1.0,1.0,1.0,1.0,0.850,1.0,1.0,1.0,1.0,1.0,1.0,0.871,0.940,0.920,0.967,0.979,1.0,1.0,1.0,1.0,1.0,1.0,1.0,0.962,1.0,1.0,0.981
dataset_benchmark/leave_one_out/politicalness/POLITICS/qbias,1.0,1.0,1.0,1.0,1.0,1.0,0.862,1.0,1.0,1.0,1.0,1.0,1.0,0.867,0.947,0.947,0.962,0.983,1.0,1.0,1.0,1.0,1.0,1.0,1.0,0.972,1.0,1.0,0.983
dataset_benchmark/leave_one_out/politicalness/POLITICS/recipes,1.0,1.0,1.0,1.0,1.0,1.0,0.853,1.0,1.0,1.0,1.0,1.0,1.0,0.874,0.946,0.923,0.968,0.983,1.0,1.0,1.0,1.0,1.0,1.0,1.0,0.967,1.0,1.0,0.982
dataset_benchmark/leave_one_out/politicalness/POLITICS/reddit_comments,1.0,1.0,1.0,1.0,1.0,1.0,0.858,1.0,1.0,1.0,1.0,1.0,1.0,0.885,0.945,0.937,0.966,0.984,1.0,1.0,1.0,1.0,1.0,1.0,1.0,0.979,1.0,1.0,0.983
dataset_benchmark/leave_one_out/politicalness/POLITICS/reddit_submissions,1.0,1.0,1.0,1.0,1.0,1.0,0.859,1.0,1.0,1.0,1.0,1.0,1.0,0.872,0.944,0.954,0.968,0.978,1.0,1.0,1.0,1.0,1.0,1.0,1.0,0.972,1.0,1.0,0.983
dataset_benchmark/leave_one_out/politicalness/POLITICS/rotten_tomatoes,1.0,1.0,1.0,1.0,1.0,1.0,0.848,1.0,1.0,1.0,1.0,1.0,1.0,0.883,0.942,0.926,0.961,0.986,1.0,1.0,1.0,1.0,1.0,1.0,1.0,0.958,1.0,1.0,0.982
dataset_benchmark/leave_one_out/politicalness/POLITICS/textbooks,1.0,1.0,1.0,1.0,1.0,1.0,0.854,1.0,1.0,1.0,1.0,1.0,1.0,0.858,0.942,0.956,0.965,0.983,1.0,1.0,1.0,1.0,1.0,1.0,1.0,0.960,1.0,1.0,0.984
dataset_benchmark/leave_one_out/politicalness/POLITICS/tweet_topic_multi,1.0,1.0,1.0,1.0,1.0,1.0,0.857,1.0,1.0,1.0,1.0,1.0,1.0,0.887,0.941,0.883,0.959,0.978,1.0,1.0,1.0,1.0,1.0,1.0,1.0,0.964,1.0,1.0,0.980
dataset_benchmark/leave_one_out/politicalness/POLITICS/yelp_review_full,1.0,1.0,1.0,1.0,1.0,1.0,0.854,1.0,1.0,1.0,1.0,1.0,1.0,0.875,0.943,0.875,0.960,0.976,1.0,1.0,1.0,1.0,1.0,1.0,1.0,0.964,1.0,1.0,0.980
,NULL,NULL,NULL,NULL,NULL,NULL,NULL,NULL,NULL,NULL,NULL,NULL,NULL,NULL,NULL,NULL,NULL,NULL,NULL,NULL,NULL,NULL,NULL,NULL,NULL,NULL,NULL,NULL,NULL
dataset_benchmark/leave_one_out/politicalness/POLITICS/amazon_reviews_2023,1.000,1.000,0.982,0.996,0.994,1.000,0.862,0.996,1.0,1.000,1.000,0.998,0.973,0.830,0.943,0.945,0.964,0.978,0.990,0.983,0.986,0.999,0.986,0.998,0.999,0.962,0.998,1.000,0.976
dataset_benchmark/leave_one_out/politicalness/POLITICS/article_bias_prediction,0.999,0.970,0.975,0.995,0.997,0.997,0.850,0.995,1.0,1.000,0.998,0.995,0.974,0.844,0.947,0.880,0.970,0.988,0.992,0.983,0.990,1.000,0.982,0.997,0.998,0.966,0.998,0.999,0.974
dataset_benchmark/leave_one_out/politicalness/POLITICS/bignewsbln,0.999,1.000,0.918,0.996,0.997,0.998,0.845,0.993,1.0,1.000,0.998,0.996,0.983,0.859,0.947,0.940,0.967,0.984,0.991,0.988,0.990,0.999,0.979,0.997,1.000,0.968,0.993,0.999,0.978
dataset_benchmark/leave_one_out/politicalness/POLITICS/commoncrawl_news_articles,1.000,0.999,0.981,0.985,0.997,0.998,0.842,0.995,1.0,1.000,0.999,0.996,0.983,0.861,0.945,0.925,0.964,0.978,0.991,0.985,0.991,0.999,0.983,0.996,0.999,0.969,0.996,0.999,0.977
dataset_benchmark/leave_one_out/politicalness/POLITICS/dem_rep_party_platform_topics,1.000,1.000,0.976,0.993,0.978,0.997,0.860,0.999,1.0,1.000,0.999,0.998,0.977,0.854,0.942,0.920,0.962,0.986,0.991,0.982,0.989,1.000,0.983,0.996,0.999,0.971,0.993,0.999,0.977
dataset_benchmark/leave_one_out/politicalness/POLITICS/dialogsum,1.000,1.000,0.976,0.995,0.996,0.995,0.840,0.995,1.0,1.000,1.000,0.998,0.974,0.842,0.944,0.945,0.973,0.979,0.987,0.985,0.989,1.000,0.985,0.998,1.000,0.967,0.996,0.999,0.976
dataset_benchmark/leave_one_out/politicalness/POLITICS/free_news,1.000,1.000,0.984,0.996,0.995,0.999,0.723,0.996,1.0,1.000,1.000,0.996,0.978,0.837,0.944,0.939,0.974,0.988,0.988,0.982,0.989,1.000,0.983,0.998,0.999,0.959,0.995,0.999,0.982
dataset_benchmark/leave_one_out/politicalness/POLITICS/goodreads_book_genres,1.000,1.000,0.968,0.994,0.997,0.999,0.829,0.858,1.0,1.000,0.999,0.998,0.976,0.815,0.943,0.876,0.968,0.976,0.987,0.981,0.986,0.999,0.986,0.999,0.999,0.969,0.999,1.000,0.972
dataset_benchmark/leave_one_out/politicalness/POLITICS/gpt4_political_bias,0.999,1.000,0.986,0.997,0.998,0.996,0.847,0.994,1.0,1.000,0.998,0.996,0.981,0.842,0.944,0.899,0.966,0.988,0.992,0.988,0.987,0.999,0.979,0.997,0.997,0.962,0.997,0.999,0.975
dataset_benchmark/leave_one_out/politicalness/POLITICS/gpt4_political_ideologies,0.999,1.000,0.977,0.995,0.997,0.997,0.842,0.995,1.0,0.929,0.999,0.997,0.974,0.838,0.945,0.932,0.953,0.984,0.989,0.985,0.989,1.000,0.982,0.998,0.999,0.964,0.995,0.999,0.975
dataset_benchmark/leave_one_out/politicalness/POLITICS/imdb,0.999,1.000,0.972,0.993,0.997,0.999,0.828,0.996,1.0,1.000,0.994,0.998,0.978,0.870,0.946,0.912,0.968,0.981,0.987,0.986,0.986,1.000,0.981,0.999,0.998,0.968,0.996,0.999,0.975
dataset_benchmark/leave_one_out/politicalness/POLITICS/imdb_movie_genres,0.999,1.000,0.983,0.995,0.998,0.998,0.853,0.992,1.0,1.000,0.999,0.979,0.982,0.859,0.945,0.930,0.966,0.976,0.992,0.988,0.990,0.999,0.980,0.998,0.999,0.962,0.994,0.999,0.977
dataset_benchmark/leave_one_out/politicalness/POLITICS/media_political_stance,0.999,1.000,0.980,0.993,0.997,0.999,0.868,0.995,1.0,1.000,1.000,0.995,0.832,0.859,0.943,0.943,0.961,0.981,0.992,0.988,0.992,0.999,0.981,0.997,0.997,0.977,0.995,1.000,0.979
dataset_benchmark/leave_one_out/politicalness/POLITICS/medium_post_titles,0.998,1.000,0.984,0.996,0.999,0.995,0.833,0.993,1.0,1.000,0.999,0.994,0.980,0.886,0.946,0.939,0.960,0.981,0.993,0.988,0.994,0.999,0.973,0.996,0.996,0.971,0.993,0.998,0.981
dataset_benchmark/leave_one_out/politicalness/POLITICS/news_category,1.000,1.000,0.977,0.996,0.994,0.999,0.835,0.992,1.0,1.000,0.999,0.996,0.979,0.756,0.867,0.935,0.970,0.984,0.988,0.981,0.990,1.000,0.984,0.998,0.999,0.978,0.996,0.999,0.975
dataset_benchmark/leave_one_out/politicalness/POLITICS/pens,0.999,1.000,0.996,0.996,0.997,0.997,0.860,0.993,1.0,1.000,0.998,0.994,0.984,0.883,0.938,0.785,0.963,0.979,0.990,0.987,0.994,1.000,0.976,0.996,0.999,0.979,0.988,0.999,0.981
dataset_benchmark/leave_one_out/politicalness/POLITICS/polibertweet,1.000,1.000,0.980,0.995,0.998,0.999,0.855,0.992,1.0,1.000,0.999,0.994,0.974,0.860,0.945,0.903,0.849,0.981,0.989,0.985,0.990,1.000,0.982,0.998,0.997,0.973,0.997,0.999,0.977
dataset_benchmark/leave_one_out/politicalness/POLITICS/political_or_not,0.999,1.000,0.975,0.996,0.996,0.999,0.848,0.991,1.0,1.000,0.998,0.999,0.984,0.849,0.946,0.903,0.965,0.761,0.991,0.982,0.991,1.000,0.986,0.998,1.000,0.968,0.994,0.999,0.976
dataset_benchmark/leave_one_out/politicalness/POLITICS/political_podcasts,1.000,1.000,0.970,0.995,0.998,0.997,0.832,0.997,1.0,1.000,0.999,0.998,0.976,0.846,0.947,0.900,0.964,0.981,0.777,0.987,0.986,1.000,0.981,0.998,0.999,0.968,0.995,0.999,0.975
dataset_benchmark/leave_one_out/politicalness/POLITICS/political_tweets,0.999,1.000,0.974,0.996,0.998,0.999,0.845,0.994,1.0,1.000,0.999,0.997,0.975,0.846,0.940,0.917,0.967,0.979,0.989,0.585,0.988,1.000,0.982,0.997,0.996,0.963,0.998,0.999,0.975
dataset_benchmark/leave_one_out/politicalness/POLITICS/qbias,0.999,1.000,0.973,0.996,0.997,0.998,0.855,0.995,1.0,1.000,0.999,0.996,0.976,0.835,0.947,0.947,0.962,0.983,0.992,0.986,0.925,0.999,0.979,0.997,0.999,0.973,0.995,1.000,0.977
dataset_benchmark/leave_one_out/politicalness/POLITICS/recipes,0.999,1.000,0.975,0.996,0.997,0.999,0.848,0.997,1.0,1.000,0.998,0.996,0.978,0.848,0.946,0.920,0.968,0.983,0.990,0.981,0.992,0.999,0.985,0.995,0.999,0.969,0.996,0.999,0.976
dataset_benchmark/leave_one_out/politicalness/POLITICS/reddit_comments,0.999,1.000,0.976,0.997,0.998,0.997,0.852,0.995,1.0,1.000,0.999,0.995,0.976,0.865,0.945,0.936,0.966,0.984,0.989,0.988,0.988,0.999,0.931,0.995,0.999,0.980,0.994,0.998,0.978
dataset_benchmark/leave_one_out/politicalness/POLITICS/reddit_submissions,0.999,1.000,0.982,0.996,0.998,0.998,0.852,0.995,1.0,1.000,0.999,0.994,0.983,0.842,0.943,0.954,0.968,0.978,0.992,0.983,0.989,1.000,0.983,0.992,0.999,0.973,0.996,0.999,0.978
dataset_benchmark/leave_one_out/politicalness/POLITICS/rotten_tomatoes,0.999,1.000,0.986,0.997,0.996,0.999,0.846,0.995,1.0,1.000,0.999,0.996,0.984,0.864,0.942,0.925,0.961,0.986,0.992,0.985,0.992,0.999,0.978,0.997,0.986,0.962,0.997,0.999,0.977
dataset_benchmark/leave_one_out/politicalness/POLITICS/textbooks,0.999,1.000,0.979,0.996,0.997,0.999,0.845,0.998,1.0,1.000,0.999,0.997,0.982,0.821,0.941,0.956,0.965,0.983,0.989,0.984,0.987,1.000,0.984,0.997,0.997,0.881,0.996,0.999,0.977
dataset_benchmark/leave_one_out/politicalness/POLITICS/tweet_topic_multi,0.999,1.000,0.983,0.997,0.998,0.997,0.851,0.993,1.0,1.000,0.999,0.995,0.983,0.870,0.940,0.873,0.959,0.978,0.989,0.992,0.993,0.999,0.966,0.997,0.998,0.966,0.849,0.998,0.975
dataset_benchmark/leave_one_out/politicalness/POLITICS/yelp_review_full,0.999,1.000,0.980,0.996,0.998,0.997,0.846,0.997,1.0,1.000,1.000,0.997,0.975,0.850,0.943,0.861,0.960,0.976,0.988,0.988,0.988,1.000,0.980,0.997,0.996,0.967,0.993,0.999,0.973
