,amazon_reviews_2023,dialogsum,free_news,goodreads_book_genres,imdb,imdb_movie_genres,medium_post_titles,news_category,pens,polibertweet,political_or_not,recipes,reddit_comments,reddit_submissions,rotten_tomatoes,textbooks,tweet_topic_multi,yelp_review_full,article_bias_prediction,bignewsbln,commoncrawl_news_articles,dem_rep_party_platform_topics,gpt4_political_bias,gpt4_political_ideologies,media_political_stance,political_podcasts,political_tweets,qbias,average
dataset_benchmark/leave_one_out/politicalness/deberta-v3-base/amazon_reviews_2023,9242 / 9257,1919 / 1922,2170 / 2600,1071 / 1075,14749 / 14770,15529 / 15609,6289 / 7070,16880 / 17933,9768 / 10249,2877 / 3000,562 / 578,9807 / 9808,30385 / 31072,12263 / 12310,1590 / 1597,20323 / 20826,3191 / 3212,14992 / 15000,5630 / 5632,14725 / 15000,12211 / 12317,1729 / 1734,92 / 92,480 / 480,14348 / 15000,1628 / 1657,14696 / 15000,3207 / 3257
dataset_benchmark/leave_one_out/politicalness/deberta-v3-base/article_bias_prediction,9246 / 9257,1916 / 1922,2202 / 2600,1070 / 1075,14742 / 14770,15530 / 15609,6262 / 7070,16866 / 17933,9763 / 10249,2886 / 3000,561 / 578,9806 / 9808,30105 / 31072,12217 / 12310,1596 / 1597,20185 / 20826,3181 / 3212,14986 / 15000,5419 / 5632,14734 / 15000,12231 / 12317,1732 / 1734,92 / 92,480 / 480,14509 / 15000,1630 / 1657,14758 / 15000,3214 / 3257
dataset_benchmark/leave_one_out/politicalness/deberta-v3-base/bignewsbln,9236 / 9257,1910 / 1922,2174 / 2600,1070 / 1075,14729 / 14770,15449 / 15609,6382 / 7070,16670 / 17933,9814 / 10249,2870 / 3000,563 / 578,9802 / 9808,29556 / 31072,12156 / 12310,1592 / 1597,20545 / 20826,3175 / 3212,14973 / 15000,5621 / 5632,14346 / 15000,12186 / 12317,1728 / 1734,92 / 92,480 / 480,14063 / 15000,1623 / 1657,14770 / 15000,3206 / 3257
dataset_benchmark/leave_one_out/politicalness/deberta-v3-base/commoncrawl_news_articles,9226 / 9257,1897 / 1922,2188 / 2600,1065 / 1075,14735 / 14770,14961 / 15609,6405 / 7070,16431 / 17933,9623 / 10249,2788 / 3000,537 / 578,9806 / 9808,29801 / 31072,12083 / 12310,1537 / 1597,19881 / 20826,3113 / 3212,14985 / 15000,5628 / 5632,14671 / 15000,12154 / 12317,1706 / 1734,92 / 92,480 / 480,13767 / 15000,1623 / 1657,13838 / 15000,3198 / 3257
dataset_benchmark/leave_one_out/politicalness/deberta-v3-base/dem_rep_party_platform_topics,9242 / 9257,1914 / 1922,2145 / 2600,1068 / 1075,14760 / 14770,15522 / 15609,6444 / 7070,16824 / 17933,9775 / 10249,2863 / 3000,560 / 578,9806 / 9808,30522 / 31072,12221 / 12310,1594 / 1597,20265 / 20826,3187 / 3212,14994 / 15000,5631 / 5632,14704 / 15000,12205 / 12317,1620 / 1734,92 / 92,480 / 480,14159 / 15000,1624 / 1657,14621 / 15000,3188 / 3257
dataset_benchmark/leave_one_out/politicalness/deberta-v3-base/dialogsum,9245 / 9257,1904 / 1922,2200 / 2600,1072 / 1075,14759 / 14770,15541 / 15609,6267 / 7070,16798 / 17933,9755 / 10249,2881 / 3000,564 / 578,9805 / 9808,30374 / 31072,12246 / 12310,1596 / 1597,20058 / 20826,3184 / 3212,14987 / 15000,5628 / 5632,14713 / 15000,12217 / 12317,1727 / 1734,92 / 92,480 / 480,14410 / 15000,1632 / 1657,14724 / 15000,3209 / 3257
dataset_benchmark/leave_one_out/politicalness/deberta-v3-base/free_news,9244 / 9257,1914 / 1922,1798 / 2600,1072 / 1075,14740 / 14770,15437 / 15609,6291 / 7070,16810 / 17933,9710 / 10249,2872 / 3000,560 / 578,9807 / 9808,30281 / 31072,12214 / 12310,1590 / 1597,20475 / 20826,3196 / 3212,14984 / 15000,5628 / 5632,14826 / 15000,12230 / 12317,1724 / 1734,92 / 92,480 / 480,14440 / 15000,1619 / 1657,14566 / 15000,3197 / 3257
dataset_benchmark/leave_one_out/politicalness/deberta-v3-base/goodreads_book_genres,9228 / 9257,1914 / 1922,2186 / 2600,1051 / 1075,14727 / 14770,15441 / 15609,6435 / 7070,16699 / 17933,9721 / 10249,2864 / 3000,550 / 578,9805 / 9808,29984 / 31072,12169 / 12310,1593 / 1597,20280 / 20826,3154 / 3212,14988 / 15000,5628 / 5632,14764 / 15000,12227 / 12317,1728 / 1734,92 / 92,480 / 480,14430 / 15000,1634 / 1657,14758 / 15000,3217 / 3257
dataset_benchmark/leave_one_out/politicalness/deberta-v3-base/gpt4_political_bias,9244 / 9257,1920 / 1922,2186 / 2600,1073 / 1075,14748 / 14770,15529 / 15609,6309 / 7070,16876 / 17933,9836 / 10249,2882 / 3000,563 / 578,9807 / 9808,30324 / 31072,12249 / 12310,1589 / 1597,20327 / 20826,3190 / 3212,14990 / 15000,5625 / 5632,14687 / 15000,12215 / 12317,1728 / 1734,92 / 92,480 / 480,14358 / 15000,1629 / 1657,14724 / 15000,3204 / 3257
dataset_benchmark/leave_one_out/politicalness/deberta-v3-base/gpt4_political_ideologies,9233 / 9257,1914 / 1922,2119 / 2600,1059 / 1075,14713 / 14770,15399 / 15609,6468 / 7070,16800 / 17933,9675 / 10249,2880 / 3000,541 / 578,9807 / 9808,30208 / 31072,12148 / 12310,1591 / 1597,20469 / 20826,3169 / 3212,14985 / 15000,5626 / 5632,14802 / 15000,12237 / 12317,1729 / 1734,92 / 92,431 / 480,14305 / 15000,1632 / 1657,14660 / 15000,3209 / 3257
dataset_benchmark/leave_one_out/politicalness/deberta-v3-base/imdb,9247 / 9257,1920 / 1922,2166 / 2600,1072 / 1075,14722 / 14770,15536 / 15609,6379 / 7070,16696 / 17933,9689 / 10249,2883 / 3000,548 / 578,9805 / 9808,30536 / 31072,12234 / 12310,1592 / 1597,20361 / 20826,3177 / 3212,14985 / 15000,5630 / 5632,14676 / 15000,12178 / 12317,1719 / 1734,92 / 92,480 / 480,14292 / 15000,1632 / 1657,14660 / 15000,3219 / 3257
dataset_benchmark/leave_one_out/politicalness/deberta-v3-base/imdb_movie_genres,9208 / 9257,1872 / 1922,2225 / 2600,1016 / 1075,14339 / 14770,13929 / 15609,6426 / 7070,16633 / 17933,9607 / 10249,2843 / 3000,492 / 578,9802 / 9808,29445 / 31072,11797 / 12310,1554 / 1597,20048 / 20826,3086 / 3212,14968 / 15000,5593 / 5632,14570 / 15000,12239 / 12317,1668 / 1734,92 / 92,477 / 480,13930 / 15000,1609 / 1657,14615 / 15000,3192 / 3257
dataset_benchmark/leave_one_out/politicalness/deberta-v3-base/media_political_stance,9241 / 9257,1914 / 1922,2234 / 2600,1070 / 1075,14750 / 14770,15513 / 15609,6300 / 7070,16888 / 17933,9925 / 10249,2873 / 3000,567 / 578,9805 / 9808,30409 / 31072,12251 / 12310,1597 / 1597,20458 / 20826,3201 / 3212,14987 / 15000,5619 / 5632,14172 / 15000,12022 / 12317,1729 / 1734,92 / 92,480 / 480,12619 / 15000,1623 / 1657,14701 / 15000,3193 / 3257
dataset_benchmark/leave_one_out/politicalness/deberta-v3-base/medium_post_titles,9242 / 9257,1917 / 1922,2189 / 2600,1071 / 1075,14756 / 14770,15509 / 15609,6422 / 7070,16742 / 17933,9768 / 10249,2879 / 3000,564 / 578,9806 / 9808,30088 / 31072,12208 / 12310,1594 / 1597,20287 / 20826,3171 / 3212,14989 / 15000,5628 / 5632,14771 / 15000,12205 / 12317,1728 / 1734,92 / 92,480 / 480,14364 / 15000,1631 / 1657,14775 / 15000,3220 / 3257
dataset_benchmark/leave_one_out/politicalness/deberta-v3-base/news_category,9245 / 9257,1919 / 1922,2182 / 2600,1070 / 1075,14757 / 14770,15485 / 15609,6270 / 7070,16510 / 17933,9854 / 10249,2871 / 3000,559 / 578,9807 / 9808,30411 / 31072,12242 / 12310,1593 / 1597,20368 / 20826,3187 / 3212,14992 / 15000,5628 / 5632,14681 / 15000,12216 / 12317,1729 / 1734,92 / 92,480 / 480,14212 / 15000,1620 / 1657,14646 / 15000,3208 / 3257
dataset_benchmark/leave_one_out/politicalness/deberta-v3-base/pens,9245 / 9257,1918 / 1922,2156 / 2600,1069 / 1075,14766 / 14770,15524 / 15609,6335 / 7070,16789 / 17933,9260 / 10249,2858 / 3000,558 / 578,9808 / 9808,30314 / 31072,12263 / 12310,1593 / 1597,20089 / 20826,3189 / 3212,14991 / 15000,5625 / 5632,14788 / 15000,12167 / 12317,1728 / 1734,92 / 92,480 / 480,14273 / 15000,1626 / 1657,14674 / 15000,3207 / 3257
dataset_benchmark/leave_one_out/politicalness/deberta-v3-base/polibertweet,9238 / 9257,1907 / 1922,2137 / 2600,1065 / 1075,14717 / 14770,15332 / 15609,6288 / 7070,16603 / 17933,9624 / 10249,2788 / 3000,533 / 578,9807 / 9808,30264 / 31072,12153 / 12310,1589 / 1597,20118 / 20826,3187 / 3212,14991 / 15000,5618 / 5632,14745 / 15000,12178 / 12317,1712 / 1734,92 / 92,480 / 480,13919 / 15000,1609 / 1657,14571 / 15000,3166 / 3257
dataset_benchmark/leave_one_out/politicalness/deberta-v3-base/political_or_not,9246 / 9257,1919 / 1922,2206 / 2600,1070 / 1075,14753 / 14770,15532 / 15609,6416 / 7070,16822 / 17933,9693 / 10249,2879 / 3000,447 / 578,9808 / 9808,30460 / 31072,12226 / 12310,1594 / 1597,20196 / 20826,3205 / 3212,14995 / 15000,5620 / 5632,14678 / 15000,12163 / 12317,1712 / 1734,92 / 92,480 / 480,14187 / 15000,1617 / 1657,14548 / 15000,3183 / 3257
dataset_benchmark/leave_one_out/politicalness/deberta-v3-base/political_podcasts,9247 / 9257,1920 / 1922,2199 / 2600,1072 / 1075,14765 / 14770,15539 / 15609,6329 / 7070,16893 / 17933,9844 / 10249,2888 / 3000,563 / 578,9806 / 9808,30260 / 31072,12257 / 12310,1596 / 1597,20122 / 20826,3179 / 3212,14988 / 15000,5628 / 5632,14653 / 15000,12187 / 12317,1732 / 1734,92 / 92,480 / 480,14220 / 15000,1471 / 1657,14814 / 15000,3198 / 3257
dataset_benchmark/leave_one_out/politicalness/deberta-v3-base/political_tweets,9241 / 9257,1905 / 1922,2160 / 2600,1060 / 1075,14713 / 14770,15288 / 15609,6388 / 7070,16676 / 17933,9627 / 10249,2857 / 3000,526 / 578,9808 / 9808,30360 / 31072,12135 / 12310,1593 / 1597,19102 / 20826,3182 / 3212,14985 / 15000,5605 / 5632,14796 / 15000,12198 / 12317,1718 / 1734,92 / 92,480 / 480,13953 / 15000,1614 / 1657,9320 / 15000,3171 / 3257
dataset_benchmark/leave_one_out/politicalness/deberta-v3-base/qbias,9246 / 9257,1912 / 1922,2203 / 2600,1071 / 1075,14760 / 14770,15491 / 15609,6435 / 7070,16858 / 17933,9847 / 10249,2878 / 3000,556 / 578,9808 / 9808,30217 / 31072,12242 / 12310,1586 / 1597,20363 / 20826,3199 / 3212,14989 / 15000,5628 / 5632,14605 / 15000,12186 / 12317,1730 / 1734,92 / 92,480 / 480,14050 / 15000,1629 / 1657,14683 / 15000,3113 / 3257
dataset_benchmark/leave_one_out/politicalness/deberta-v3-base/recipes,9252 / 9257,1903 / 1922,2007 / 2600,1075 / 1075,14769 / 14770,15591 / 15609,5884 / 7070,16315 / 17933,9751 / 10249,2869 / 3000,509 / 578,9807 / 9808,30805 / 31072,12282 / 12310,1596 / 1597,20065 / 20826,3202 / 3212,14998 / 15000,5525 / 5632,13422 / 15000,11598 / 12317,1643 / 1734,92 / 92,468 / 480,12385 / 15000,1400 / 1657,14549 / 15000,3017 / 3257
dataset_benchmark/leave_one_out/politicalness/deberta-v3-base/reddit_comments,9236 / 9257,1913 / 1922,2173 / 2600,1072 / 1075,14759 / 14770,15568 / 15609,6350 / 7070,16847 / 17933,9706 / 10249,2873 / 3000,555 / 578,9806 / 9808,29174 / 31072,12226 / 12310,1596 / 1597,20137 / 20826,3181 / 3212,14972 / 15000,5630 / 5632,14677 / 15000,12200 / 12317,1730 / 1734,92 / 92,480 / 480,14191 / 15000,1628 / 1657,14798 / 15000,3207 / 3257
dataset_benchmark/leave_one_out/politicalness/deberta-v3-base/reddit_submissions,9239 / 9257,1918 / 1922,2251 / 2600,1069 / 1075,14744 / 14770,15506 / 15609,6371 / 7070,16844 / 17933,9805 / 10249,2862 / 3000,557 / 578,9806 / 9808,30158 / 31072,12204 / 12310,1578 / 1597,20296 / 20826,3190 / 3212,14987 / 15000,5614 / 5632,14696 / 15000,12218 / 12317,1729 / 1734,92 / 92,480 / 480,14040 / 15000,1618 / 1657,14678 / 15000,3182 / 3257
dataset_benchmark/leave_one_out/politicalness/deberta-v3-base/rotten_tomatoes,9237 / 9257,1899 / 1922,2179 / 2600,1050 / 1075,14657 / 14770,15380 / 15609,6265 / 7070,16694 / 17933,9497 / 10249,2843 / 3000,526 / 578,9806 / 9808,30454 / 31072,12165 / 12310,1588 / 1597,20476 / 20826,3194 / 3212,14989 / 15000,5630 / 5632,14834 / 15000,12226 / 12317,1712 / 1734,92 / 92,480 / 480,14348 / 15000,1620 / 1657,14526 / 15000,3186 / 3257
dataset_benchmark/leave_one_out/politicalness/deberta-v3-base/textbooks,9241 / 9257,1918 / 1922,2200 / 2600,1071 / 1075,14761 / 14770,15528 / 15609,6435 / 7070,16782 / 17933,9813 / 10249,2888 / 3000,557 / 578,9806 / 9808,30309 / 31072,12251 / 12310,1595 / 1597,19708 / 20826,3187 / 3212,14989 / 15000,5626 / 5632,14733 / 15000,12213 / 12317,1730 / 1734,92 / 92,480 / 480,14360 / 15000,1629 / 1657,14773 / 15000,3225 / 3257
dataset_benchmark/leave_one_out/politicalness/deberta-v3-base/tweet_topic_multi,9234 / 9257,1898 / 1922,2119 / 2600,1024 / 1075,14664 / 14770,15244 / 15609,6341 / 7070,16652 / 17933,9437 / 10249,2846 / 3000,507 / 578,9803 / 9808,30120 / 31072,12092 / 12310,1589 / 1597,20411 / 20826,2911 / 3212,14984 / 15000,5628 / 5632,14837 / 15000,12232 / 12317,1694 / 1734,92 / 92,480 / 480,14370 / 15000,1618 / 1657,14633 / 15000,3197 / 3257
dataset_benchmark/leave_one_out/politicalness/deberta-v3-base/yelp_review_full,9245 / 9257,1918 / 1922,2156 / 2600,1070 / 1075,14747 / 14770,15522 / 15609,6312 / 7070,16887 / 17933,9860 / 10249,2884 / 3000,556 / 578,9806 / 9808,30441 / 31072,12246 / 12310,1595 / 1597,20069 / 20826,3189 / 3212,14990 / 15000,5619 / 5632,14635 / 15000,12168 / 12317,1727 / 1734,92 / 92,480 / 480,14099 / 15000,1623 / 1657,14673 / 15000,3196 / 3257

dataset_benchmark/leave_one_out/politicalness/deberta-v3-base/amazon_reviews_2023,0.998,0.998,0.835,0.996,0.999,0.995,0.890,0.941,0.953,0.959,0.972,1.000,0.978,0.996,0.996,0.976,0.993,0.999,1.000,0.982,0.991,0.997,1.0,1.000,0.957,0.982,0.980,0.985,0.976
dataset_benchmark/leave_one_out/politicalness/deberta-v3-base/article_bias_prediction,0.999,0.997,0.847,0.995,0.998,0.995,0.886,0.941,0.953,0.962,0.971,1.000,0.969,0.992,0.999,0.969,0.990,0.999,0.962,0.982,0.993,0.999,1.0,1.000,0.967,0.984,0.984,0.987,0.976
dataset_benchmark/leave_one_out/politicalness/deberta-v3-base/bignewsbln,0.998,0.994,0.836,0.995,0.997,0.990,0.903,0.930,0.958,0.957,0.974,0.999,0.951,0.987,0.997,0.987,0.988,0.998,0.998,0.956,0.989,0.997,1.0,1.000,0.938,0.979,0.985,0.984,0.974
dataset_benchmark/leave_one_out/politicalness/deberta-v3-base/commoncrawl_news_articles,0.997,0.987,0.842,0.991,0.998,0.958,0.906,0.916,0.939,0.929,0.929,1.000,0.959,0.982,0.962,0.955,0.969,0.999,0.999,0.978,0.987,0.984,1.0,1.000,0.918,0.979,0.923,0.982,0.962
dataset_benchmark/leave_one_out/politicalness/deberta-v3-base/dem_rep_party_platform_topics,0.998,0.996,0.825,0.993,0.999,0.994,0.911,0.938,0.954,0.954,0.969,1.000,0.982,0.993,0.998,0.973,0.992,1.000,1.000,0.980,0.991,0.934,1.0,1.000,0.944,0.980,0.975,0.979,0.975
dataset_benchmark/leave_one_out/politicalness/deberta-v3-base/dialogsum,0.999,0.991,0.846,0.997,0.999,0.996,0.886,0.937,0.952,0.960,0.976,1.000,0.978,0.995,0.999,0.963,0.991,0.999,0.999,0.981,0.992,0.996,1.0,1.000,0.961,0.985,0.982,0.985,0.976
dataset_benchmark/leave_one_out/politicalness/deberta-v3-base/free_news,0.999,0.996,0.692,0.997,0.998,0.989,0.890,0.937,0.947,0.957,0.969,1.000,0.975,0.992,0.996,0.983,0.995,0.999,0.999,0.988,0.993,0.994,1.0,1.000,0.963,0.977,0.971,0.982,0.981
dataset_benchmark/leave_one_out/politicalness/deberta-v3-base/goodreads_book_genres,0.997,0.996,0.841,0.978,0.997,0.989,0.910,0.931,0.948,0.955,0.952,1.000,0.965,0.989,0.997,0.974,0.982,0.999,0.999,0.984,0.993,0.997,1.0,1.000,0.962,0.986,0.984,0.988,0.975
dataset_benchmark/leave_one_out/politicalness/deberta-v3-base/gpt4_political_bias,0.999,0.999,0.841,0.998,0.999,0.995,0.892,0.941,0.960,0.961,0.974,1.000,0.976,0.995,0.995,0.976,0.993,0.999,0.999,0.979,0.992,0.997,1.0,1.000,0.957,0.983,0.982,0.984,0.977
dataset_benchmark/leave_one_out/politicalness/deberta-v3-base/gpt4_political_ideologies,0.997,0.996,0.815,0.985,0.996,0.987,0.915,0.937,0.944,0.960,0.936,1.000,0.972,0.987,0.996,0.983,0.987,0.999,0.999,0.987,0.994,0.997,1.0,0.898,0.954,0.985,0.977,0.985,0.973
dataset_benchmark/leave_one_out/politicalness/deberta-v3-base/imdb,0.999,0.999,0.833,0.997,0.997,0.995,0.902,0.931,0.945,0.961,0.948,1.000,0.983,0.994,0.997,0.978,0.989,0.999,1.000,0.978,0.989,0.991,1.0,1.000,0.953,0.985,0.977,0.988,0.974
dataset_benchmark/leave_one_out/politicalness/deberta-v3-base/imdb_movie_genres,0.995,0.974,0.856,0.945,0.971,0.892,0.909,0.928,0.937,0.948,0.851,0.999,0.948,0.958,0.973,0.963,0.961,0.998,0.993,0.971,0.994,0.962,1.0,0.994,0.929,0.971,0.974,0.980,0.959
dataset_benchmark/leave_one_out/politicalness/deberta-v3-base/media_political_stance,0.998,0.996,0.859,0.995,0.999,0.994,0.891,0.942,0.968,0.958,0.981,1.000,0.979,0.995,1.000,0.982,0.997,0.999,0.998,0.945,0.976,0.997,1.0,1.000,0.841,0.979,0.980,0.980,0.977
dataset_benchmark/leave_one_out/politicalness/deberta-v3-base/medium_post_titles,0.998,0.997,0.842,0.996,0.999,0.994,0.908,0.934,0.953,0.960,0.976,1.000,0.968,0.992,0.998,0.974,0.987,0.999,0.999,0.985,0.991,0.997,1.0,1.000,0.958,0.984,0.985,0.989,0.980
dataset_benchmark/leave_one_out/politicalness/deberta-v3-base/news_category,0.999,0.998,0.839,0.995,0.999,0.992,0.887,0.921,0.961,0.957,0.967,1.000,0.979,0.994,0.997,0.978,0.992,0.999,0.999,0.979,0.992,0.997,1.0,1.000,0.947,0.978,0.976,0.985,0.977
dataset_benchmark/leave_one_out/politicalness/deberta-v3-base/pens,0.999,0.998,0.829,0.994,1.000,0.995,0.896,0.936,0.904,0.953,0.965,1.000,0.976,0.996,0.997,0.965,0.993,0.999,0.999,0.986,0.988,0.997,1.0,1.000,0.952,0.981,0.978,0.985,0.976
dataset_benchmark/leave_one_out/politicalness/deberta-v3-base/polibertweet,0.998,0.992,0.822,0.991,0.996,0.982,0.889,0.926,0.939,0.929,0.922,1.000,0.974,0.987,0.995,0.966,0.992,0.999,0.998,0.983,0.989,0.987,1.0,1.000,0.928,0.971,0.971,0.972,0.969
dataset_benchmark/leave_one_out/politicalness/deberta-v3-base/political_or_not,0.999,0.998,0.848,0.995,0.999,0.995,0.907,0.938,0.946,0.960,0.773,1.000,0.980,0.993,0.998,0.970,0.998,1.000,0.998,0.979,0.987,0.987,1.0,1.000,0.946,0.976,0.970,0.977,0.976
dataset_benchmark/leave_one_out/politicalness/deberta-v3-base/political_podcasts,0.999,0.999,0.846,0.997,1.000,0.996,0.895,0.942,0.960,0.963,0.974,1.000,0.974,0.996,0.999,0.966,0.990,0.999,0.999,0.977,0.989,0.999,1.0,1.000,0.948,0.888,0.988,0.982,0.977
dataset_benchmark/leave_one_out/politicalness/deberta-v3-base/political_tweets,0.998,0.991,0.831,0.986,0.996,0.979,0.904,0.930,0.939,0.952,0.910,1.000,0.977,0.986,0.997,0.917,0.991,0.999,0.995,0.986,0.990,0.991,1.0,1.000,0.930,0.974,0.621,0.974,0.968
dataset_benchmark/leave_one_out/politicalness/deberta-v3-base/qbias,0.999,0.995,0.847,0.996,0.999,0.992,0.910,0.940,0.961,0.959,0.962,1.000,0.972,0.994,0.993,0.978,0.996,0.999,0.999,0.974,0.989,0.998,1.0,1.000,0.937,0.983,0.979,0.956,0.976
dataset_benchmark/leave_one_out/politicalness/deberta-v3-base/recipes,0.999,0.990,0.772,1.000,1.000,0.999,0.832,0.910,0.951,0.956,0.881,1.000,0.991,0.998,0.999,0.963,0.997,1.000,0.981,0.895,0.942,0.948,1.0,0.975,0.826,0.845,0.970,0.926,0.946
dataset_benchmark/leave_one_out/politicalness/deberta-v3-base/reddit_comments,0.998,0.995,0.836,0.997,0.999,0.997,0.898,0.939,0.947,0.958,0.960,1.000,0.939,0.993,0.999,0.967,0.990,0.998,1.000,0.978,0.991,0.998,1.0,1.000,0.946,0.982,0.987,0.985,0.975
dataset_benchmark/leave_one_out/politicalness/deberta-v3-base/reddit_submissions,0.998,0.998,0.866,0.994,0.998,0.993,0.901,0.939,0.957,0.954,0.964,1.000,0.971,0.991,0.988,0.975,0.993,0.999,0.997,0.980,0.992,0.997,1.0,1.000,0.936,0.976,0.979,0.977,0.975
dataset_benchmark/leave_one_out/politicalness/deberta-v3-base/rotten_tomatoes,0.998,0.988,0.838,0.977,0.992,0.985,0.886,0.931,0.927,0.948,0.910,1.000,0.980,0.988,0.994,0.983,0.994,0.999,1.000,0.989,0.993,0.987,1.0,1.000,0.957,0.978,0.968,0.978,0.969
dataset_benchmark/leave_one_out/politicalness/deberta-v3-base/textbooks,0.998,0.998,0.846,0.996,0.999,0.995,0.910,0.936,0.957,0.963,0.964,1.000,0.975,0.995,0.999,0.946,0.992,0.999,0.999,0.982,0.992,0.998,1.0,1.000,0.957,0.983,0.985,0.990,0.978
dataset_benchmark/leave_one_out/politicalness/deberta-v3-base/tweet_topic_multi,0.998,0.988,0.815,0.953,0.993,0.977,0.897,0.929,0.921,0.949,0.877,0.999,0.969,0.982,0.995,0.980,0.906,0.999,0.999,0.989,0.993,0.977,1.0,1.000,0.958,0.976,0.976,0.982,0.966
dataset_benchmark/leave_one_out/politicalness/deberta-v3-base/yelp_review_full,0.999,0.998,0.829,0.995,0.998,0.994,0.893,0.942,0.962,0.961,0.962,1.000,0.980,0.995,0.999,0.964,0.993,0.999,0.998,0.976,0.988,0.996,1.0,1.000,0.940,0.979,0.978,0.981,0.974

dataset_benchmark/leave_one_out/politicalness/deberta-v3-base/amazon_reviews_2023,0.999,0.999,0.834,0.998,0.999,0.997,0.888,0.941,0.953,0.959,0.972,1.000,0.989,0.998,0.998,0.973,0.997,1.000,1.000,0.991,0.996,0.999,1.0,1.000,0.978,0.991,0.990,0.992,0.979
dataset_benchmark/leave_one_out/politicalness/deberta-v3-base/article_bias_prediction,0.999,0.998,0.847,0.998,0.999,0.997,0.884,0.940,0.953,0.962,0.971,1.000,0.984,0.996,1.000,0.965,0.995,1.000,0.981,0.991,0.996,0.999,1.0,1.000,0.983,0.992,0.992,0.993,0.979
dataset_benchmark/leave_one_out/politicalness/deberta-v3-base/bignewsbln,0.999,0.997,0.836,0.998,0.999,0.995,0.902,0.930,0.958,0.957,0.974,1.000,0.975,0.994,0.998,0.986,0.994,0.999,0.999,0.978,0.995,0.998,1.0,1.000,0.968,0.990,0.992,0.992,0.979
dataset_benchmark/leave_one_out/politicalness/deberta-v3-base/commoncrawl_news_articles,0.998,0.993,0.841,0.995,0.999,0.979,0.906,0.916,0.939,0.929,0.929,1.000,0.979,0.991,0.981,0.960,0.984,0.999,1.000,0.989,0.993,0.992,1.0,1.000,0.957,0.990,0.960,0.991,0.970
dataset_benchmark/leave_one_out/politicalness/deberta-v3-base/dem_rep_party_platform_topics,0.999,0.998,0.825,0.997,1.000,0.997,0.911,0.938,0.954,0.954,0.969,1.000,0.991,0.996,0.999,0.973,0.996,1.000,1.000,0.990,0.995,0.966,1.0,1.000,0.971,0.990,0.987,0.989,0.978
dataset_benchmark/leave_one_out/politicalness/deberta-v3-base/dialogsum,0.999,0.995,0.846,0.999,1.000,0.998,0.884,0.937,0.952,0.960,0.976,1.000,0.989,0.997,1.000,0.955,0.996,1.000,1.000,0.990,0.996,0.998,1.0,1.000,0.980,0.992,0.991,0.993,0.979
dataset_benchmark/leave_one_out/politicalness/deberta-v3-base/free_news,0.999,0.998,0.679,0.999,0.999,0.994,0.888,0.937,0.948,0.957,0.969,1.000,0.987,0.996,0.998,0.982,0.998,0.999,1.000,0.994,0.996,0.997,1.0,1.000,0.981,0.988,0.985,0.991,0.984
dataset_benchmark/leave_one_out/politicalness/deberta-v3-base/goodreads_book_genres,0.998,0.998,0.841,0.989,0.999,0.995,0.909,0.931,0.949,0.955,0.952,1.000,0.982,0.994,0.999,0.970,0.991,1.000,1.000,0.992,0.996,0.998,1.0,1.000,0.981,0.993,0.992,0.994,0.978
dataset_benchmark/leave_one_out/politicalness/deberta-v3-base/gpt4_political_bias,0.999,0.999,0.841,0.999,0.999,0.997,0.891,0.941,0.960,0.961,0.974,1.000,0.988,0.998,0.997,0.973,0.997,1.000,0.999,0.989,0.996,0.998,1.0,1.000,0.978,0.991,0.991,0.992,0.980
dataset_benchmark/leave_one_out/politicalness/deberta-v3-base/gpt4_political_ideologies,0.999,0.998,0.814,0.993,0.998,0.993,0.914,0.937,0.944,0.960,0.936,1.000,0.986,0.993,0.998,0.983,0.993,0.999,0.999,0.993,0.997,0.999,1.0,0.946,0.976,0.992,0.989,0.993,0.977
dataset_benchmark/leave_one_out/politicalness/deberta-v3-base/imdb,0.999,0.999,0.833,0.999,0.998,0.998,0.901,0.931,0.945,0.961,0.948,1.000,0.991,0.997,0.998,0.976,0.995,0.999,1.000,0.989,0.994,0.996,1.0,1.000,0.976,0.992,0.989,0.994,0.978
dataset_benchmark/leave_one_out/politicalness/deberta-v3-base/imdb_movie_genres,0.997,0.987,0.855,0.972,0.985,0.943,0.909,0.927,0.938,0.948,0.848,1.000,0.973,0.979,0.986,0.967,0.980,0.999,0.997,0.985,0.997,0.981,1.0,0.997,0.963,0.985,0.987,0.990,0.968
dataset_benchmark/leave_one_out/politicalness/deberta-v3-base/media_political_stance,0.999,0.998,0.858,0.998,0.999,0.997,0.889,0.942,0.968,0.958,0.981,1.000,0.989,0.998,1.000,0.981,0.998,1.000,0.999,0.972,0.988,0.999,1.0,1.000,0.914,0.990,0.990,0.990,0.981
dataset_benchmark/leave_one_out/politicalness/deberta-v3-base/medium_post_titles,0.999,0.999,0.842,0.998,1.000,0.997,0.908,0.933,0.953,0.960,0.976,1.000,0.984,0.996,0.999,0.971,0.994,1.000,1.000,0.992,0.995,0.998,1.0,1.000,0.978,0.992,0.992,0.994,0.983
dataset_benchmark/leave_one_out/politicalness/deberta-v3-base/news_category,0.999,0.999,0.839,0.998,1.000,0.996,0.885,0.921,0.962,0.957,0.967,1.000,0.989,0.997,0.999,0.976,0.996,1.000,1.000,0.989,0.996,0.999,1.0,1.000,0.973,0.989,0.988,0.992,0.981
dataset_benchmark/leave_one_out/politicalness/deberta-v3-base/pens,0.999,0.999,0.829,0.997,1.000,0.997,0.895,0.936,0.904,0.953,0.965,1.000,0.988,0.998,0.999,0.957,0.996,1.000,0.999,0.993,0.994,0.998,1.0,1.000,0.975,0.991,0.989,0.992,0.979
dataset_benchmark/leave_one_out/politicalness/deberta-v3-base/polibertweet,0.999,0.996,0.822,0.995,0.998,0.991,0.888,0.926,0.939,0.929,0.922,1.000,0.987,0.994,0.997,0.969,0.996,1.000,0.999,0.991,0.994,0.994,1.0,1.000,0.963,0.985,0.985,0.986,0.975
dataset_benchmark/leave_one_out/politicalness/deberta-v3-base/political_or_not,0.999,0.999,0.848,0.998,0.999,0.998,0.907,0.938,0.946,0.960,0.773,1.000,0.990,0.997,0.999,0.964,0.999,1.000,0.999,0.989,0.994,0.994,1.0,1.000,0.972,0.988,0.985,0.989,0.980
dataset_benchmark/leave_one_out/politicalness/deberta-v3-base/political_podcasts,0.999,0.999,0.846,0.999,1.000,0.998,0.894,0.942,0.961,0.963,0.974,1.000,0.987,0.998,1.000,0.960,0.995,1.000,1.000,0.988,0.995,0.999,1.0,1.000,0.973,0.941,0.994,0.991,0.980
dataset_benchmark/leave_one_out/politicalness/deberta-v3-base/political_tweets,0.999,0.996,0.830,0.993,0.998,0.990,0.903,0.930,0.939,0.952,0.910,1.000,0.988,0.993,0.999,0.933,0.995,0.999,0.998,0.993,0.995,0.995,1.0,1.000,0.964,0.987,0.766,0.987,0.973
dataset_benchmark/leave_one_out/politicalness/deberta-v3-base/qbias,0.999,0.997,0.847,0.998,1.000,0.996,0.909,0.940,0.961,0.959,0.962,1.000,0.986,0.997,0.997,0.976,0.998,1.000,1.000,0.987,0.995,0.999,1.0,1.000,0.967,0.991,0.989,0.977,0.980
dataset_benchmark/leave_one_out/politicalness/deberta-v3-base/recipes,1.000,0.995,0.769,1.000,1.000,0.999,0.826,0.910,0.951,0.956,0.879,1.000,0.996,0.999,1.000,0.955,0.998,1.000,0.990,0.944,0.970,0.973,1.0,0.987,0.905,0.916,0.985,0.962,0.958
dataset_benchmark/leave_one_out/politicalness/deberta-v3-base/reddit_comments,0.999,0.998,0.836,0.999,1.000,0.999,0.897,0.939,0.947,0.958,0.960,1.000,0.968,0.997,1.000,0.961,0.995,0.999,1.000,0.989,0.995,0.999,1.0,1.000,0.972,0.991,0.993,0.992,0.978
dataset_benchmark/leave_one_out/politicalness/deberta-v3-base/reddit_submissions,0.999,0.999,0.866,0.997,0.999,0.997,0.900,0.939,0.957,0.954,0.964,1.000,0.985,0.996,0.994,0.972,0.997,1.000,0.998,0.990,0.996,0.999,1.0,1.000,0.967,0.988,0.989,0.988,0.979
dataset_benchmark/leave_one_out/politicalness/deberta-v3-base/rotten_tomatoes,0.999,0.994,0.838,0.988,0.996,0.993,0.884,0.931,0.927,0.948,0.910,1.000,0.990,0.994,0.997,0.983,0.997,1.000,1.000,0.994,0.996,0.994,1.0,1.000,0.978,0.989,0.984,0.989,0.974
dataset_benchmark/leave_one_out/politicalness/deberta-v3-base/textbooks,0.999,0.999,0.846,0.998,1.000,0.997,0.909,0.936,0.958,0.963,0.964,1.000,0.988,0.998,0.999,0.953,0.996,1.000,0.999,0.991,0.996,0.999,1.0,1.000,0.978,0.991,0.992,0.995,0.981
dataset_benchmark/leave_one_out/politicalness/deberta-v3-base/tweet_topic_multi,0.999,0.994,0.814,0.976,0.996,0.988,0.896,0.929,0.921,0.949,0.876,1.000,0.984,0.991,0.997,0.981,0.951,0.999,1.000,0.995,0.997,0.988,1.0,1.000,0.979,0.988,0.988,0.991,0.971
dataset_benchmark/leave_one_out/politicalness/deberta-v3-base/yelp_review_full,0.999,0.999,0.829,0.998,0.999,0.997,0.891,0.942,0.962,0.961,0.962,1.000,0.990,0.997,0.999,0.955,0.996,1.000,0.999,0.988,0.994,0.998,1.0,1.000,0.969,0.990,0.989,0.991,0.978

dataset_benchmark/leave_one_out/politicalness/deberta-v3-base/amazon_reviews_2023,1.0,1.0,0.837,1.0,1.0,1.0,0.900,0.941,0.954,0.959,0.972,1.0,1.0,1.0,1.0,0.975,1.0,1.0,1.0,1.0,1.0,1.0,1.0,1.0,1.0,1.0,1.0,1.0,0.983
dataset_benchmark/leave_one_out/politicalness/deberta-v3-base/article_bias_prediction,1.0,1.0,0.850,1.0,1.0,1.0,0.897,0.941,0.953,0.962,0.971,1.0,1.0,1.0,1.0,0.967,1.0,1.0,1.0,1.0,1.0,1.0,1.0,1.0,1.0,1.0,1.0,1.0,0.983
dataset_benchmark/leave_one_out/politicalness/deberta-v3-base/bignewsbln,1.0,1.0,0.837,1.0,1.0,1.0,0.905,0.930,0.958,0.957,0.974,1.0,1.0,1.0,1.0,0.986,1.0,1.0,1.0,1.0,1.0,1.0,1.0,1.0,1.0,1.0,1.0,1.0,0.983
dataset_benchmark/leave_one_out/politicalness/deberta-v3-base/commoncrawl_news_articles,1.0,1.0,0.845,1.0,1.0,1.0,0.906,0.920,0.943,0.930,0.934,1.0,1.0,1.0,1.0,0.972,1.0,1.0,1.0,1.0,1.0,1.0,1.0,1.0,1.0,1.0,1.0,1.0,0.980
dataset_benchmark/leave_one_out/politicalness/deberta-v3-base/dem_rep_party_platform_topics,1.0,1.0,0.825,1.0,1.0,1.0,0.914,0.939,0.956,0.955,0.969,1.0,1.0,1.0,1.0,0.973,1.0,1.0,1.0,1.0,1.0,1.0,1.0,1.0,1.0,1.0,1.0,1.0,0.983
dataset_benchmark/leave_one_out/politicalness/deberta-v3-base/dialogsum,1.0,1.0,0.848,1.0,1.0,1.0,0.898,0.937,0.952,0.960,0.976,1.0,1.0,1.0,1.0,0.961,1.0,1.0,1.0,1.0,1.0,1.0,1.0,1.0,1.0,1.0,1.0,1.0,0.983
dataset_benchmark/leave_one_out/politicalness/deberta-v3-base/free_news,1.0,1.0,0.726,1.0,1.0,1.0,0.901,0.938,0.950,0.957,0.969,1.0,1.0,1.0,1.0,0.982,1.0,1.0,1.0,1.0,1.0,1.0,1.0,1.0,1.0,1.0,1.0,1.0,0.989
dataset_benchmark/leave_one_out/politicalness/deberta-v3-base/goodreads_book_genres,1.0,1.0,0.841,1.0,1.0,1.0,0.914,0.933,0.951,0.955,0.953,1.0,1.0,1.0,1.0,0.973,1.0,1.0,1.0,1.0,1.0,1.0,1.0,1.0,1.0,1.0,1.0,1.0,0.982
dataset_benchmark/leave_one_out/politicalness/deberta-v3-base/gpt4_political_bias,1.0,1.0,0.843,1.0,1.0,1.0,0.902,0.941,0.960,0.961,0.974,1.0,1.0,1.0,1.0,0.975,1.0,1.0,1.0,1.0,1.0,1.0,1.0,1.0,1.0,1.0,1.0,1.0,0.984
dataset_benchmark/leave_one_out/politicalness/deberta-v3-base/gpt4_political_ideologies,1.0,1.0,0.823,1.0,1.0,1.0,0.918,0.937,0.948,0.960,0.938,1.0,1.0,1.0,1.0,0.984,1.0,1.0,1.0,1.0,1.0,1.0,1.0,1.0,1.0,1.0,1.0,1.0,0.982
dataset_benchmark/leave_one_out/politicalness/deberta-v3-base/imdb,1.0,1.0,0.833,1.0,1.0,1.0,0.907,0.932,0.948,0.961,0.948,1.0,1.0,1.0,1.0,0.977,1.0,1.0,1.0,1.0,1.0,1.0,1.0,1.0,1.0,1.0,1.0,1.0,0.982
dataset_benchmark/leave_one_out/politicalness/deberta-v3-base/imdb_movie_genres,1.0,1.0,0.859,1.0,1.0,1.0,0.909,0.928,0.943,0.948,0.879,1.0,1.0,1.0,1.0,0.977,1.0,1.0,1.0,1.0,1.0,1.0,1.0,1.0,1.0,1.0,1.0,1.0,0.979
dataset_benchmark/leave_one_out/politicalness/deberta-v3-base/media_political_stance,1.0,1.0,0.868,1.0,1.0,1.0,0.902,0.942,0.968,0.958,0.981,1.0,1.0,1.0,1.0,0.982,1.0,1.0,1.0,1.0,1.0,1.0,1.0,1.0,1.0,1.0,1.0,1.0,0.985
dataset_benchmark/leave_one_out/politicalness/deberta-v3-base/medium_post_titles,1.0,1.0,0.842,1.0,1.0,1.0,0.909,0.936,0.954,0.960,0.976,1.0,1.0,1.0,1.0,0.973,1.0,1.0,1.0,1.0,1.0,1.0,1.0,1.0,1.0,1.0,1.0,1.0,0.987
dataset_benchmark/leave_one_out/politicalness/deberta-v3-base/news_category,1.0,1.0,0.840,1.0,1.0,1.0,0.896,0.921,0.963,0.957,0.967,1.0,1.0,1.0,1.0,0.977,1.0,1.0,1.0,1.0,1.0,1.0,1.0,1.0,1.0,1.0,1.0,1.0,0.985
dataset_benchmark/leave_one_out/politicalness/deberta-v3-base/pens,1.0,1.0,0.834,1.0,1.0,1.0,0.902,0.936,0.919,0.953,0.965,1.0,1.0,1.0,1.0,0.964,1.0,1.0,1.0,1.0,1.0,1.0,1.0,1.0,1.0,1.0,1.0,1.0,0.983
dataset_benchmark/leave_one_out/politicalness/deberta-v3-base/polibertweet,1.0,1.0,0.822,1.0,1.0,1.0,0.895,0.926,0.944,0.932,0.926,1.0,1.0,1.0,1.0,0.974,1.0,1.0,1.0,1.0,1.0,1.0,1.0,1.0,1.0,1.0,1.0,1.0,0.981
dataset_benchmark/leave_one_out/politicalness/deberta-v3-base/political_or_not,1.0,1.0,0.849,1.0,1.0,1.0,0.914,0.938,0.949,0.960,0.774,1.0,1.0,1.0,1.0,0.969,1.0,1.0,1.0,1.0,1.0,1.0,1.0,1.0,1.0,1.0,1.0,1.0,0.984
dataset_benchmark/leave_one_out/politicalness/deberta-v3-base/political_podcasts,1.0,1.0,0.848,1.0,1.0,1.0,0.904,0.942,0.961,0.963,0.974,1.0,1.0,1.0,1.0,0.965,1.0,1.0,1.0,1.0,1.0,1.0,1.0,1.0,1.0,1.0,1.0,1.0,0.984
dataset_benchmark/leave_one_out/politicalness/deberta-v3-base/political_tweets,1.0,1.0,0.837,1.0,1.0,1.0,0.906,0.930,0.944,0.953,0.910,1.0,1.0,1.0,1.0,0.966,1.0,1.0,1.0,1.0,1.0,1.0,1.0,1.0,1.0,1.0,1.0,1.0,0.979
dataset_benchmark/leave_one_out/politicalness/deberta-v3-base/qbias,1.0,1.0,0.847,1.0,1.0,1.0,0.914,0.940,0.962,0.959,0.962,1.0,1.0,1.0,1.0,0.976,1.0,1.0,1.0,1.0,1.0,1.0,1.0,1.0,1.0,1.0,1.0,1.0,0.984
dataset_benchmark/leave_one_out/politicalness/deberta-v3-base/recipes,1.0,1.0,0.785,1.0,1.0,1.0,0.861,0.914,0.952,0.957,0.901,1.0,1.0,1.0,1.0,0.963,1.0,1.0,1.0,1.0,1.0,1.0,1.0,1.0,1.0,1.0,1.0,1.0,0.975
dataset_benchmark/leave_one_out/politicalness/deberta-v3-base/reddit_comments,1.0,1.0,0.838,1.0,1.0,1.0,0.906,0.940,0.947,0.958,0.960,1.0,1.0,1.0,1.0,0.964,1.0,1.0,1.0,1.0,1.0,1.0,1.0,1.0,1.0,1.0,1.0,1.0,0.982
dataset_benchmark/leave_one_out/politicalness/deberta-v3-base/reddit_submissions,1.0,1.0,0.866,1.0,1.0,1.0,0.907,0.940,0.959,0.954,0.964,1.0,1.0,1.0,1.0,0.973,1.0,1.0,1.0,1.0,1.0,1.0,1.0,1.0,1.0,1.0,1.0,1.0,0.984
dataset_benchmark/leave_one_out/politicalness/deberta-v3-base/rotten_tomatoes,1.0,1.0,0.839,1.0,1.0,1.0,0.898,0.931,0.935,0.949,0.918,1.0,1.0,1.0,1.0,0.983,1.0,1.0,1.0,1.0,1.0,1.0,1.0,1.0,1.0,1.0,1.0,1.0,0.980
dataset_benchmark/leave_one_out/politicalness/deberta-v3-base/textbooks,1.0,1.0,0.846,1.0,1.0,1.0,0.914,0.937,0.958,0.963,0.964,1.0,1.0,1.0,1.0,0.967,1.0,1.0,1.0,1.0,1.0,1.0,1.0,1.0,1.0,1.0,1.0,1.0,0.985
dataset_benchmark/leave_one_out/politicalness/deberta-v3-base/tweet_topic_multi,1.0,1.0,0.824,1.0,1.0,1.0,0.901,0.929,0.930,0.949,0.889,1.0,1.0,1.0,1.0,0.982,1.0,1.0,1.0,1.0,1.0,1.0,1.0,1.0,1.0,1.0,1.0,1.0,0.978
dataset_benchmark/leave_one_out/politicalness/deberta-v3-base/yelp_review_full,1.0,1.0,0.831,1.0,1.0,1.0,0.902,0.942,0.962,0.961,0.962,1.0,1.0,1.0,1.0,0.962,1.0,1.0,1.0,1.0,1.0,1.0,1.0,1.0,1.0,1.0,1.0,1.0,0.982

dataset_benchmark/leave_one_out/politicalness/deberta-v3-base/amazon_reviews_2023,0.998,0.998,0.835,0.996,0.999,0.995,0.890,0.941,0.953,0.959,0.972,1.000,0.978,0.996,0.996,0.976,0.993,0.999,1.000,0.982,0.991,0.997,1.0,1.000,0.957,0.982,0.980,0.985,0.976
dataset_benchmark/leave_one_out/politicalness/deberta-v3-base/article_bias_prediction,0.999,0.997,0.847,0.995,0.998,0.995,0.886,0.941,0.953,0.962,0.971,1.000,0.969,0.992,0.999,0.969,0.990,0.999,0.962,0.982,0.993,0.999,1.0,1.000,0.967,0.984,0.984,0.987,0.976
dataset_benchmark/leave_one_out/politicalness/deberta-v3-base/bignewsbln,0.998,0.994,0.836,0.995,0.997,0.990,0.903,0.930,0.958,0.957,0.974,0.999,0.951,0.987,0.997,0.987,0.988,0.998,0.998,0.956,0.989,0.997,1.0,1.000,0.938,0.979,0.985,0.984,0.974
dataset_benchmark/leave_one_out/politicalness/deberta-v3-base/commoncrawl_news_articles,0.997,0.987,0.842,0.991,0.998,0.958,0.906,0.916,0.939,0.929,0.929,1.000,0.959,0.982,0.962,0.955,0.969,0.999,0.999,0.978,0.987,0.984,1.0,1.000,0.918,0.979,0.923,0.982,0.962
dataset_benchmark/leave_one_out/politicalness/deberta-v3-base/dem_rep_party_platform_topics,0.998,0.996,0.825,0.993,0.999,0.994,0.911,0.938,0.954,0.954,0.969,1.000,0.982,0.993,0.998,0.973,0.992,1.000,1.000,0.980,0.991,0.934,1.0,1.000,0.944,0.980,0.975,0.979,0.975
dataset_benchmark/leave_one_out/politicalness/deberta-v3-base/dialogsum,0.999,0.991,0.846,0.997,0.999,0.996,0.886,0.937,0.952,0.960,0.976,1.000,0.978,0.995,0.999,0.963,0.991,0.999,0.999,0.981,0.992,0.996,1.0,1.000,0.961,0.985,0.982,0.985,0.976
dataset_benchmark/leave_one_out/politicalness/deberta-v3-base/free_news,0.999,0.996,0.692,0.997,0.998,0.989,0.890,0.937,0.947,0.957,0.969,1.000,0.975,0.992,0.996,0.983,0.995,0.999,0.999,0.988,0.993,0.994,1.0,1.000,0.963,0.977,0.971,0.982,0.981
dataset_benchmark/leave_one_out/politicalness/deberta-v3-base/goodreads_book_genres,0.997,0.996,0.841,0.978,0.997,0.989,0.910,0.931,0.948,0.955,0.952,1.000,0.965,0.989,0.997,0.974,0.982,0.999,0.999,0.984,0.993,0.997,1.0,1.000,0.962,0.986,0.984,0.988,0.975
dataset_benchmark/leave_one_out/politicalness/deberta-v3-base/gpt4_political_bias,0.999,0.999,0.841,0.998,0.999,0.995,0.892,0.941,0.960,0.961,0.974,1.000,0.976,0.995,0.995,0.976,0.993,0.999,0.999,0.979,0.992,0.997,1.0,1.000,0.957,0.983,0.982,0.984,0.977
dataset_benchmark/leave_one_out/politicalness/deberta-v3-base/gpt4_political_ideologies,0.997,0.996,0.815,0.985,0.996,0.987,0.915,0.937,0.944,0.960,0.936,1.000,0.972,0.987,0.996,0.983,0.987,0.999,0.999,0.987,0.994,0.997,1.0,0.898,0.954,0.985,0.977,0.985,0.973
dataset_benchmark/leave_one_out/politicalness/deberta-v3-base/imdb,0.999,0.999,0.833,0.997,0.997,0.995,0.902,0.931,0.945,0.961,0.948,1.000,0.983,0.994,0.997,0.978,0.989,0.999,1.000,0.978,0.989,0.991,1.0,1.000,0.953,0.985,0.977,0.988,0.974
dataset_benchmark/leave_one_out/politicalness/deberta-v3-base/imdb_movie_genres,0.995,0.974,0.856,0.945,0.971,0.892,0.909,0.928,0.937,0.948,0.851,0.999,0.948,0.958,0.973,0.963,0.961,0.998,0.993,0.971,0.994,0.962,1.0,0.994,0.929,0.971,0.974,0.980,0.959
dataset_benchmark/leave_one_out/politicalness/deberta-v3-base/media_political_stance,0.998,0.996,0.859,0.995,0.999,0.994,0.891,0.942,0.968,0.958,0.981,1.000,0.979,0.995,1.000,0.982,0.997,0.999,0.998,0.945,0.976,0.997,1.0,1.000,0.841,0.979,0.980,0.980,0.977
dataset_benchmark/leave_one_out/politicalness/deberta-v3-base/medium_post_titles,0.998,0.997,0.842,0.996,0.999,0.994,0.908,0.934,0.953,0.960,0.976,1.000,0.968,0.992,0.998,0.974,0.987,0.999,0.999,0.985,0.991,0.997,1.0,1.000,0.958,0.984,0.985,0.989,0.980
dataset_benchmark/leave_one_out/politicalness/deberta-v3-base/news_category,0.999,0.998,0.839,0.995,0.999,0.992,0.887,0.921,0.961,0.957,0.967,1.000,0.979,0.994,0.997,0.978,0.992,0.999,0.999,0.979,0.992,0.997,1.0,1.000,0.947,0.978,0.976,0.985,0.977
dataset_benchmark/leave_one_out/politicalness/deberta-v3-base/pens,0.999,0.998,0.829,0.994,1.000,0.995,0.896,0.936,0.904,0.953,0.965,1.000,0.976,0.996,0.997,0.965,0.993,0.999,0.999,0.986,0.988,0.997,1.0,1.000,0.952,0.981,0.978,0.985,0.976
dataset_benchmark/leave_one_out/politicalness/deberta-v3-base/polibertweet,0.998,0.992,0.822,0.991,0.996,0.982,0.889,0.926,0.939,0.929,0.922,1.000,0.974,0.987,0.995,0.966,0.992,0.999,0.998,0.983,0.989,0.987,1.0,1.000,0.928,0.971,0.971,0.972,0.969
dataset_benchmark/leave_one_out/politicalness/deberta-v3-base/political_or_not,0.999,0.998,0.848,0.995,0.999,0.995,0.907,0.938,0.946,0.960,0.773,1.000,0.980,0.993,0.998,0.970,0.998,1.000,0.998,0.979,0.987,0.987,1.0,1.000,0.946,0.976,0.970,0.977,0.976
dataset_benchmark/leave_one_out/politicalness/deberta-v3-base/political_podcasts,0.999,0.999,0.846,0.997,1.000,0.996,0.895,0.942,0.960,0.963,0.974,1.000,0.974,0.996,0.999,0.966,0.990,0.999,0.999,0.977,0.989,0.999,1.0,1.000,0.948,0.888,0.988,0.982,0.977
dataset_benchmark/leave_one_out/politicalness/deberta-v3-base/political_tweets,0.998,0.991,0.831,0.986,0.996,0.979,0.904,0.930,0.939,0.952,0.910,1.000,0.977,0.986,0.997,0.917,0.991,0.999,0.995,0.986,0.990,0.991,1.0,1.000,0.930,0.974,0.621,0.974,0.968
dataset_benchmark/leave_one_out/politicalness/deberta-v3-base/qbias,0.999,0.995,0.847,0.996,0.999,0.992,0.910,0.940,0.961,0.959,0.962,1.000,0.972,0.994,0.993,0.978,0.996,0.999,0.999,0.974,0.989,0.998,1.0,1.000,0.937,0.983,0.979,0.956,0.976
dataset_benchmark/leave_one_out/politicalness/deberta-v3-base/recipes,0.999,0.990,0.772,1.000,1.000,0.999,0.832,0.910,0.951,0.956,0.881,1.000,0.991,0.998,0.999,0.963,0.997,1.000,0.981,0.895,0.942,0.948,1.0,0.975,0.826,0.845,0.970,0.926,0.946
dataset_benchmark/leave_one_out/politicalness/deberta-v3-base/reddit_comments,0.998,0.995,0.836,0.997,0.999,0.997,0.898,0.939,0.947,0.958,0.960,1.000,0.939,0.993,0.999,0.967,0.990,0.998,1.000,0.978,0.991,0.998,1.0,1.000,0.946,0.982,0.987,0.985,0.975
dataset_benchmark/leave_one_out/politicalness/deberta-v3-base/reddit_submissions,0.998,0.998,0.866,0.994,0.998,0.993,0.901,0.939,0.957,0.954,0.964,1.000,0.971,0.991,0.988,0.975,0.993,0.999,0.997,0.980,0.992,0.997,1.0,1.000,0.936,0.976,0.979,0.977,0.975
dataset_benchmark/leave_one_out/politicalness/deberta-v3-base/rotten_tomatoes,0.998,0.988,0.838,0.977,0.992,0.985,0.886,0.931,0.927,0.948,0.910,1.000,0.980,0.988,0.994,0.983,0.994,0.999,1.000,0.989,0.993,0.987,1.0,1.000,0.957,0.978,0.968,0.978,0.969
dataset_benchmark/leave_one_out/politicalness/deberta-v3-base/textbooks,0.998,0.998,0.846,0.996,0.999,0.995,0.910,0.936,0.957,0.963,0.964,1.000,0.975,0.995,0.999,0.946,0.992,0.999,0.999,0.982,0.992,0.998,1.0,1.000,0.957,0.983,0.985,0.990,0.978
dataset_benchmark/leave_one_out/politicalness/deberta-v3-base/tweet_topic_multi,0.998,0.988,0.815,0.953,0.993,0.977,0.897,0.929,0.921,0.949,0.877,0.999,0.969,0.982,0.995,0.980,0.906,0.999,0.999,0.989,0.993,0.977,1.0,1.000,0.958,0.976,0.976,0.982,0.966
dataset_benchmark/leave_one_out/politicalness/deberta-v3-base/yelp_review_full,0.999,0.998,0.829,0.995,0.998,0.994,0.893,0.942,0.962,0.961,0.962,1.000,0.980,0.995,0.999,0.964,0.993,0.999,0.998,0.976,0.988,0.996,1.0,1.000,0.940,0.979,0.978,0.981,0.974
