,amazon_reviews_2023,dialogsum,free_news,goodreads_book_genres,imdb,imdb_movie_genres,medium_post_titles,news_category,pens,polibertweet,political_or_not,recipes,reddit_comments,reddit_submissions,rotten_tomatoes,textbooks,tweet_topic_multi,yelp_review_full,article_bias_prediction,bignewsbln,commoncrawl_news_articles,dem_rep_party_platform_topics,gpt4_political_bias,gpt4_political_ideologies,media_political_stance,political_podcasts,political_tweets,qbias,averagedataset_benchmark/leave_one_out/political_leaning/bert-base-cased/article_bias_prediction,2707 / 5632,10645 / 15000,8615 / 12317,1288 / 1734,83 / 92,468 / 480,12226 / 15000,1627 / 1657,10384 / 15000,1478 / 3257
dataset_benchmark/leave_one_out/politicalness/roberta-base/article_bias_prediction,9241 / 9257,1915 / 1922,2243 / 2600,1066 / 1075,14717 / 14770,15499 / 15609,6389 / 7070,16869 / 17933,9801 / 10249,2865 / 3000,554 / 578,9802 / 9808,30161 / 31072,12160 / 12310,1594 / 1597,20309 / 20826,3182 / 3212,14983 / 15000,5486 / 5632,14655 / 15000,12215 / 12317,1725 / 1734,92 / 92,480 / 480,14279 / 15000,1622 / 1657,14645 / 15000,3200 / 3257
dataset_benchmark/leave_one_out/politicalness/roberta-base/bignewsbln,9247 / 9257,1915 / 1922,2268 / 2600,1068 / 1075,14740 / 14770,15461 / 15609,6374 / 7070,16868 / 17933,9779 / 10249,2848 / 3000,543 / 578,9803 / 9808,29999 / 31072,12212 / 12310,1584 / 1597,20429 / 20826,3173 / 3212,14988 / 15000,5625 / 5632,14182 / 15000,12179 / 12317,1729 / 1734,92 / 92,480 / 480,14093 / 15000,1618 / 1657,14717 / 15000,3209 / 3257
dataset_benchmark/leave_one_out/politicalness/roberta-base/commoncrawl_news_articles,9251 / 9257,1910 / 1922,2196 / 2600,1066 / 1075,14740 / 14770,15433 / 15609,6261 / 7070,16768 / 17933,9706 / 10249,2848 / 3000,540 / 578,9807 / 9808,30593 / 31072,12225 / 12310,1593 / 1597,20402 / 20826,3204 / 3212,14989 / 15000,5607 / 5632,14765 / 15000,11990 / 12317,1717 / 1734,92 / 92,480 / 480,14001 / 15000,1612 / 1657,14560 / 15000,3182 / 3257
dataset_benchmark/leave_one_out/politicalness/roberta-base/dem_rep_party_platform_topics,9234 / 9257,1908 / 1922,2236 / 2600,1055 / 1075,14683 / 14770,15280 / 15609,6436 / 7070,16703 / 17933,9766 / 10249,2844 / 3000,524 / 578,9805 / 9808,30259 / 31072,12092 / 12310,1587 / 1597,20322 / 20826,3202 / 3212,14990 / 15000,5540 / 5632,14545 / 15000,12048 / 12317,1557 / 1734,92 / 92,479 / 480,13082 / 15000,1590 / 1657,14484 / 15000,3163 / 3257
dataset_benchmark/leave_one_out/politicalness/roberta-base/dialogsum,9227 / 9257,1881 / 1922,2179 / 2600,1045 / 1075,14656 / 14770,15228 / 15609,6393 / 7070,16658 / 17933,9479 / 10249,2814 / 3000,518 / 578,9805 / 9808,29651 / 31072,12001 / 12310,1577 / 1597,20250 / 20826,3158 / 3212,14961 / 15000,5608 / 5632,14859 / 15000,12181 / 12317,1730 / 1734,92 / 92,480 / 480,14155 / 15000,1586 / 1657,14649 / 15000,3203 / 3257
dataset_benchmark/leave_one_out/politicalness/roberta-base/free_news,9245 / 9257,1917 / 1922,1743 / 2600,1066 / 1075,14761 / 14770,15483 / 15609,6149 / 7070,16900 / 17933,9627 / 10249,2871 / 3000,562 / 578,9802 / 9808,30267 / 31072,12249 / 12310,1595 / 1597,20240 / 20826,3187 / 3212,14985 / 15000,5631 / 5632,14850 / 15000,12266 / 12317,1728 / 1734,92 / 92,480 / 480,14591 / 15000,1635 / 1657,14770 / 15000,3223 / 3257
dataset_benchmark/leave_one_out/politicalness/roberta-base/goodreads_book_genres,9244 / 9257,1909 / 1922,2231 / 2600,1009 / 1075,14735 / 14770,15500 / 15609,6049 / 7070,16788 / 17933,9763 / 10249,2874 / 3000,539 / 578,9805 / 9808,30223 / 31072,12189 / 12310,1595 / 1597,20466 / 20826,3194 / 3212,14986 / 15000,5632 / 5632,14685 / 15000,12230 / 12317,1728 / 1734,92 / 92,480 / 480,14430 / 15000,1631 / 1657,14725 / 15000,3218 / 3257
dataset_benchmark/leave_one_out/politicalness/roberta-base/gpt4_political_bias,9247 / 9257,1914 / 1922,2240 / 2600,1068 / 1075,14741 / 14770,15539 / 15609,6159 / 7070,16937 / 17933,9882 / 10249,2857 / 3000,567 / 578,9803 / 9808,30142 / 31072,12240 / 12310,1585 / 1597,20164 / 20826,3185 / 3212,14978 / 15000,5629 / 5632,14568 / 15000,12273 / 12317,1730 / 1734,92 / 92,480 / 480,14694 / 15000,1629 / 1657,14794 / 15000,3231 / 3257
dataset_benchmark/leave_one_out/politicalness/roberta-base/gpt4_political_ideologies,9243 / 9257,1906 / 1922,2217 / 2600,1056 / 1075,14730 / 14770,15111 / 15609,6386 / 7070,16571 / 17933,9673 / 10249,2855 / 3000,515 / 578,9804 / 9808,30166 / 31072,12108 / 12310,1593 / 1597,20405 / 20826,3192 / 3212,14977 / 15000,5515 / 5632,14520 / 15000,12078 / 12317,1721 / 1734,92 / 92,478 / 480,13387 / 15000,1579 / 1657,14462 / 15000,3179 / 3257
dataset_benchmark/leave_one_out/politicalness/roberta-base/imdb,9239 / 9257,1915 / 1922,2195 / 2600,1064 / 1075,14700 / 14770,15390 / 15609,6460 / 7070,16713 / 17933,9561 / 10249,2832 / 3000,511 / 578,9807 / 9808,30236 / 31072,12168 / 12310,1586 / 1597,20434 / 20826,3178 / 3212,14976 / 15000,5604 / 5632,14782 / 15000,12145 / 12317,1721 / 1734,92 / 92,480 / 480,13991 / 15000,1597 / 1657,14607 / 15000,3197 / 3257
dataset_benchmark/leave_one_out/politicalness/roberta-base/imdb_movie_genres,9234 / 9257,1895 / 1922,2240 / 2600,1051 / 1075,14711 / 14770,14535 / 15609,6380 / 7070,16628 / 17933,9617 / 10249,2846 / 3000,499 / 578,9806 / 9808,29901 / 31072,12045 / 12310,1583 / 1597,20266 / 20826,3173 / 3212,14977 / 15000,5562 / 5632,14612 / 15000,12116 / 12317,1719 / 1734,92 / 92,480 / 480,13577 / 15000,1582 / 1657,14604 / 15000,3195 / 3257
dataset_benchmark/leave_one_out/politicalness/roberta-base/media_political_stance,9248 / 9257,1920 / 1922,2224 / 2600,1071 / 1075,14759 / 14770,15412 / 15609,6359 / 7070,16774 / 17933,9856 / 10249,2847 / 3000,557 / 578,9808 / 9808,30330 / 31072,12199 / 12310,1591 / 1597,20356 / 20826,3196 / 3212,14990 / 15000,5622 / 5632,14211 / 15000,12026 / 12317,1723 / 1734,92 / 92,478 / 480,11202 / 15000,1607 / 1657,14669 / 15000,3203 / 3257
dataset_benchmark/leave_one_out/politicalness/roberta-base/medium_post_titles,9237 / 9257,1912 / 1922,2137 / 2600,1059 / 1075,14643 / 14770,15357 / 15609,6157 / 7070,16510 / 17933,9530 / 10249,2849 / 3000,521 / 578,9806 / 9808,30051 / 31072,12069 / 12310,1588 / 1597,20460 / 20826,3148 / 3212,14979 / 15000,5604 / 5632,14702 / 15000,12156 / 12317,1725 / 1734,92 / 92,480 / 480,14063 / 15000,1618 / 1657,14628 / 15000,3197 / 3257
dataset_benchmark/leave_one_out/politicalness/roberta-base/news_category,9246 / 9257,1907 / 1922,2198 / 2600,1069 / 1075,14750 / 14770,15446 / 15609,6241 / 7070,16556 / 17933,9902 / 10249,2858 / 3000,537 / 578,9807 / 9808,30310 / 31072,12191 / 12310,1595 / 1597,20503 / 20826,3195 / 3212,14991 / 15000,5585 / 5632,14371 / 15000,12083 / 12317,1722 / 1734,92 / 92,480 / 480,13696 / 15000,1598 / 1657,14550 / 15000,3168 / 3257
dataset_benchmark/leave_one_out/politicalness/roberta-base/pens,9246 / 9257,1919 / 1922,2182 / 2600,1063 / 1075,14748 / 14770,15530 / 15609,6048 / 7070,16753 / 17933,9303 / 10249,2872 / 3000,546 / 578,9805 / 9808,30409 / 31072,12246 / 12310,1590 / 1597,20304 / 20826,3199 / 3212,14989 / 15000,5614 / 5632,14785 / 15000,12133 / 12317,1727 / 1734,92 / 92,480 / 480,14267 / 15000,1628 / 1657,14621 / 15000,3219 / 3257
dataset_benchmark/leave_one_out/politicalness/roberta-base/polibertweet,9257 / 9257,1922 / 1922,1300 / 2600,1075 / 1075,14770 / 14770,15609 / 15609,3858 / 7070,8967 / 17933,5647 / 10249,1500 / 3000,289 / 578,9808 / 9808,31072 / 31072,12310 / 12310,1597 / 1597,19738 / 20826,3212 / 3212,15000 / 15000,0 / 5632,0 / 15000,0 / 12317,0 / 1734,0 / 92,0 / 480,0 / 15000,0 / 1657,0 / 15000,0 / 3257
dataset_benchmark/leave_one_out/politicalness/roberta-base/political_or_not,9249 / 9257,1920 / 1922,2217 / 2600,1070 / 1075,14755 / 14770,15578 / 15609,6078 / 7070,16801 / 17933,9244 / 10249,2888 / 3000,459 / 578,9803 / 9808,30562 / 31072,12254 / 12310,1596 / 1597,20285 / 20826,3194 / 3212,14992 / 15000,5631 / 5632,14748 / 15000,12195 / 12317,1722 / 1734,92 / 92,480 / 480,14578 / 15000,1630 / 1657,14661 / 15000,3218 / 3257
dataset_benchmark/leave_one_out/politicalness/roberta-base/political_podcasts,9248 / 9257,1914 / 1922,2219 / 2600,1064 / 1075,14731 / 14770,15488 / 15609,6231 / 7070,16734 / 17933,9717 / 10249,2889 / 3000,536 / 578,9803 / 9808,30255 / 31072,12254 / 12310,1594 / 1597,20413 / 20826,3186 / 3212,14980 / 15000,5627 / 5632,14841 / 15000,12122 / 12317,1722 / 1734,92 / 92,480 / 480,14269 / 15000,1280 / 1657,14604 / 15000,3191 / 3257
dataset_benchmark/leave_one_out/politicalness/roberta-base/political_tweets,9248 / 9257,1918 / 1922,2164 / 2600,1065 / 1075,14753 / 14770,15490 / 15609,6170 / 7070,16856 / 17933,9681 / 10249,2889 / 3000,563 / 578,9805 / 9808,30414 / 31072,12249 / 12310,1591 / 1597,20247 / 20826,3200 / 3212,14993 / 15000,5627 / 5632,14789 / 15000,12243 / 12317,1728 / 1734,92 / 92,480 / 480,14601 / 15000,1633 / 1657,6744 / 15000,3212 / 3257
dataset_benchmark/leave_one_out/politicalness/roberta-base/qbias,9243 / 9257,1902 / 1922,2211 / 2600,1068 / 1075,14737 / 14770,15433 / 15609,6248 / 7070,16744 / 17933,9819 / 10249,2847 / 3000,557 / 578,9806 / 9808,30001 / 31072,12209 / 12310,1592 / 1597,20129 / 20826,3174 / 3212,14974 / 15000,5632 / 5632,14619 / 15000,12114 / 12317,1726 / 1734,92 / 92,480 / 480,14059 / 15000,1616 / 1657,14689 / 15000,3086 / 3257
dataset_benchmark/leave_one_out/politicalness/roberta-base/recipes,9214 / 9257,1860 / 1922,2115 / 2600,1007 / 1075,14498 / 14770,14504 / 15609,6204 / 7070,15997 / 17933,9388 / 10249,2653 / 3000,475 / 578,9803 / 9808,29867 / 31072,11715 / 12310,1590 / 1597,18966 / 20826,3129 / 3212,14964 / 15000,5606 / 5632,14810 / 15000,12163 / 12317,1684 / 1734,92 / 92,480 / 480,13741 / 15000,1587 / 1657,9516 / 15000,3168 / 3257
dataset_benchmark/leave_one_out/politicalness/roberta-base/reddit_comments,9244 / 9257,1912 / 1922,2226 / 2600,1069 / 1075,14748 / 14770,15528 / 15609,6334 / 7070,16784 / 17933,9789 / 10249,2860 / 3000,551 / 578,9803 / 9808,29083 / 31072,12150 / 12310,1588 / 1597,20311 / 20826,3181 / 3212,14981 / 15000,5630 / 5632,14747 / 15000,12213 / 12317,1729 / 1734,92 / 92,480 / 480,14290 / 15000,1629 / 1657,14693 / 15000,3221 / 3257
dataset_benchmark/leave_one_out/politicalness/roberta-base/reddit_submissions,9242 / 9257,1911 / 1922,2244 / 2600,1070 / 1075,14741 / 14770,15461 / 15609,6292 / 7070,16817 / 17933,9782 / 10249,2863 / 3000,539 / 578,9806 / 9808,30298 / 31072,12069 / 12310,1593 / 1597,20450 / 20826,3204 / 3212,14990 / 15000,5607 / 5632,14517 / 15000,12111 / 12317,1719 / 1734,92 / 92,480 / 480,13567 / 15000,1613 / 1657,14579 / 15000,3189 / 3257
dataset_benchmark/leave_one_out/politicalness/roberta-base/rotten_tomatoes,9243 / 9257,1900 / 1922,2258 / 2600,1052 / 1075,14688 / 14770,15161 / 15609,6371 / 7070,16565 / 17933,9634 / 10249,2826 / 3000,507 / 578,9804 / 9808,30210 / 31072,12101 / 12310,1562 / 1597,20297 / 20826,3194 / 3212,14991 / 15000,5590 / 5632,14612 / 15000,12119 / 12317,1681 / 1734,92 / 92,480 / 480,13631 / 15000,1576 / 1657,14465 / 15000,3151 / 3257
dataset_benchmark/leave_one_out/politicalness/roberta-base/textbooks,9241 / 9257,1908 / 1922,2206 / 2600,1065 / 1075,14734 / 14770,15418 / 15609,6372 / 7070,16814 / 17933,9682 / 10249,2857 / 3000,544 / 578,9803 / 9808,29859 / 31072,12199 / 12310,1590 / 1597,19102 / 20826,3174 / 3212,14957 / 15000,5631 / 5632,14832 / 15000,12236 / 12317,1729 / 1734,92 / 92,480 / 480,14447 / 15000,1635 / 1657,14761 / 15000,3223 / 3257
dataset_benchmark/leave_one_out/politicalness/roberta-base/tweet_topic_multi,9242 / 9257,1915 / 1922,2157 / 2600,1065 / 1075,14740 / 14770,15429 / 15609,6316 / 7070,16600 / 17933,9769 / 10249,2778 / 3000,519 / 578,9791 / 9808,30226 / 31072,12157 / 12310,1588 / 1597,20421 / 20826,3090 / 3212,14990 / 15000,5578 / 5632,14250 / 15000,12055 / 12317,1707 / 1734,92 / 92,480 / 480,13431 / 15000,1602 / 1657,14599 / 15000,3178 / 3257
dataset_benchmark/leave_one_out/politicalness/roberta-base/yelp_review_full,9241 / 9257,1912 / 1922,2232 / 2600,1067 / 1075,14740 / 14770,15474 / 15609,6424 / 7070,16887 / 17933,9697 / 10249,2827 / 3000,552 / 578,9804 / 9808,30086 / 31072,12178 / 12310,1579 / 1597,20305 / 20826,3171 / 3212,14979 / 15000,5620 / 5632,14807 / 15000,12181 / 12317,1727 / 1734,92 / 92,480 / 480,14134 / 15000,1624 / 1657,14725 / 15000,3212 / 3257

dataset_benchmark/leave_one_out/politicalness/roberta-base/amazon_reviews_2023,0.999,0.999,0.846,0.993,0.999,0.996,0.858,0.942,0.950,0.963,0.986,1.000,0.981,0.994,0.997,0.973,0.994,0.999,1.000,0.981,0.993,0.996,1.0,1.000,0.965,0.986,0.983,0.986,0.976
dataset_benchmark/leave_one_out/politicalness/roberta-base/article_bias_prediction,0.998,0.996,0.863,0.992,0.996,0.993,0.904,0.941,0.956,0.955,0.958,0.999,0.971,0.988,0.998,0.975,0.991,0.999,0.974,0.977,0.992,0.995,1.0,1.000,0.952,0.979,0.976,0.982,0.975
dataset_benchmark/leave_one_out/politicalness/roberta-base/bignewsbln,0.999,0.996,0.872,0.993,0.998,0.991,0.902,0.941,0.954,0.949,0.939,0.999,0.965,0.992,0.992,0.981,0.988,0.999,0.999,0.945,0.989,0.997,1.0,1.000,0.940,0.976,0.981,0.985,0.975
dataset_benchmark/leave_one_out/politicalness/roberta-base/commoncrawl_news_articles,0.999,0.994,0.845,0.992,0.998,0.989,0.886,0.935,0.947,0.949,0.934,1.000,0.985,0.993,0.997,0.980,0.998,0.999,0.996,0.984,0.973,0.990,1.0,1.000,0.933,0.973,0.971,0.977,0.972
dataset_benchmark/leave_one_out/politicalness/roberta-base/dem_rep_party_platform_topics,0.998,0.993,0.860,0.981,0.994,0.979,0.910,0.931,0.953,0.948,0.907,1.000,0.974,0.982,0.994,0.976,0.997,0.999,0.984,0.970,0.978,0.898,1.0,0.998,0.872,0.960,0.966,0.971,0.966
dataset_benchmark/leave_one_out/politicalness/roberta-base/dialogsum,0.997,0.979,0.838,0.972,0.992,0.976,0.904,0.929,0.925,0.938,0.896,1.000,0.954,0.975,0.987,0.972,0.983,0.997,0.996,0.991,0.989,0.998,1.0,1.000,0.944,0.957,0.977,0.983,0.966
dataset_benchmark/leave_one_out/politicalness/roberta-base/free_news,0.999,0.997,0.670,0.992,0.999,0.992,0.870,0.942,0.939,0.957,0.972,0.999,0.974,0.995,0.999,0.972,0.992,0.999,1.000,0.990,0.996,0.997,1.0,1.000,0.973,0.987,0.985,0.990,0.982
dataset_benchmark/leave_one_out/politicalness/roberta-base/goodreads_book_genres,0.999,0.993,0.858,0.939,0.998,0.993,0.856,0.936,0.953,0.958,0.933,1.000,0.973,0.990,0.999,0.983,0.994,0.999,1.000,0.979,0.993,0.997,1.0,1.000,0.962,0.984,0.982,0.988,0.974
dataset_benchmark/leave_one_out/politicalness/roberta-base/gpt4_political_bias,0.999,0.996,0.862,0.993,0.998,0.996,0.871,0.944,0.964,0.952,0.981,0.999,0.970,0.994,0.992,0.968,0.992,0.999,0.999,0.971,0.996,0.998,1.0,1.000,0.980,0.983,0.986,0.992,0.977
dataset_benchmark/leave_one_out/politicalness/roberta-base/gpt4_political_ideologies,0.998,0.992,0.853,0.982,0.997,0.968,0.903,0.924,0.944,0.952,0.891,1.000,0.971,0.984,0.997,0.980,0.994,0.998,0.979,0.968,0.981,0.993,1.0,0.996,0.892,0.953,0.964,0.976,0.964
dataset_benchmark/leave_one_out/politicalness/roberta-base/imdb,0.998,0.996,0.844,0.990,0.995,0.986,0.914,0.932,0.933,0.944,0.884,1.000,0.973,0.988,0.993,0.981,0.989,0.998,0.995,0.985,0.986,0.993,1.0,1.000,0.933,0.964,0.974,0.982,0.969
dataset_benchmark/leave_one_out/politicalness/roberta-base/imdb_movie_genres,0.998,0.986,0.862,0.978,0.996,0.931,0.902,0.927,0.938,0.949,0.863,1.000,0.962,0.978,0.991,0.973,0.988,0.998,0.988,0.974,0.984,0.991,1.0,1.000,0.905,0.955,0.974,0.981,0.964
dataset_benchmark/leave_one_out/politicalness/roberta-base/media_political_stance,0.999,0.999,0.855,0.996,0.999,0.987,0.899,0.935,0.962,0.949,0.964,1.000,0.976,0.991,0.996,0.977,0.995,0.999,0.998,0.947,0.976,0.994,1.0,0.996,0.747,0.970,0.978,0.983,0.975
dataset_benchmark/leave_one_out/politicalness/roberta-base/medium_post_titles,0.998,0.995,0.822,0.985,0.991,0.984,0.871,0.921,0.930,0.950,0.901,1.000,0.967,0.980,0.994,0.982,0.980,0.999,0.995,0.980,0.987,0.995,1.0,1.000,0.938,0.976,0.975,0.982,0.971
dataset_benchmark/leave_one_out/politicalness/roberta-base/news_category,0.999,0.992,0.845,0.994,0.999,0.990,0.883,0.923,0.966,0.953,0.929,1.000,0.975,0.990,0.999,0.984,0.995,0.999,0.992,0.958,0.981,0.993,1.0,1.000,0.913,0.964,0.970,0.973,0.972
dataset_benchmark/leave_one_out/politicalness/roberta-base/pens,0.999,0.998,0.839,0.989,0.999,0.995,0.855,0.934,0.908,0.957,0.945,1.000,0.979,0.995,0.996,0.975,0.996,0.999,0.997,0.986,0.985,0.996,1.0,1.000,0.951,0.982,0.975,0.988,0.974
dataset_benchmark/leave_one_out/politicalness/roberta-base/polibertweet,1.000,1.000,0.500,1.000,1.000,1.000,0.546,0.500,0.551,0.500,0.500,1.000,1.000,1.000,1.000,0.948,1.000,1.000,0.000,0.000,0.000,0.000,0.0,0.000,0.000,0.000,0.000,0.000,0.539
dataset_benchmark/leave_one_out/politicalness/roberta-base/political_or_not,0.999,0.999,0.853,0.995,0.999,0.998,0.860,0.937,0.902,0.963,0.794,0.999,0.984,0.995,0.999,0.974,0.994,0.999,1.000,0.983,0.990,0.993,1.0,1.000,0.972,0.984,0.977,0.988,0.975
dataset_benchmark/leave_one_out/politicalness/roberta-base/political_podcasts,0.999,0.996,0.853,0.990,0.997,0.992,0.881,0.933,0.948,0.963,0.927,0.999,0.974,0.995,0.998,0.980,0.992,0.999,0.999,0.989,0.984,0.993,1.0,1.000,0.951,0.772,0.974,0.980,0.974
dataset_benchmark/leave_one_out/politicalness/roberta-base/political_tweets,0.999,0.998,0.832,0.991,0.999,0.992,0.873,0.940,0.945,0.963,0.974,1.000,0.979,0.995,0.996,0.972,0.996,1.000,0.999,0.986,0.994,0.997,1.0,1.000,0.973,0.986,0.450,0.986,0.976
dataset_benchmark/leave_one_out/politicalness/roberta-base/qbias,0.998,0.990,0.850,0.993,0.998,0.989,0.884,0.934,0.958,0.949,0.964,1.000,0.966,0.992,0.997,0.967,0.988,0.998,1.000,0.975,0.984,0.995,1.0,1.000,0.937,0.975,0.979,0.947,0.973
dataset_benchmark/leave_one_out/politicalness/roberta-base/recipes,0.995,0.968,0.813,0.937,0.982,0.929,0.878,0.892,0.916,0.884,0.822,0.999,0.961,0.952,0.996,0.911,0.974,0.998,0.995,0.987,0.987,0.971,1.0,1.000,0.916,0.958,0.634,0.973,0.934
dataset_benchmark/leave_one_out/politicalness/roberta-base/reddit_comments,0.999,0.995,0.856,0.994,0.999,0.995,0.896,0.936,0.955,0.953,0.953,0.999,0.936,0.987,0.994,0.975,0.990,0.999,1.000,0.983,0.992,0.997,1.0,1.000,0.953,0.983,0.980,0.989,0.976
dataset_benchmark/leave_one_out/politicalness/roberta-base/reddit_submissions,0.998,0.994,0.863,0.995,0.998,0.991,0.890,0.938,0.954,0.954,0.933,1.000,0.975,0.980,0.997,0.982,0.998,0.999,0.996,0.968,0.983,0.991,1.0,1.000,0.904,0.973,0.972,0.979,0.971
dataset_benchmark/leave_one_out/politicalness/roberta-base/rotten_tomatoes,0.998,0.989,0.868,0.979,0.994,0.971,0.901,0.924,0.940,0.942,0.877,1.000,0.972,0.983,0.978,0.975,0.994,0.999,0.993,0.974,0.984,0.969,1.0,1.000,0.909,0.951,0.964,0.967,0.964
dataset_benchmark/leave_one_out/politicalness/roberta-base/textbooks,0.998,0.993,0.848,0.991,0.998,0.988,0.901,0.938,0.945,0.952,0.941,0.999,0.961,0.991,0.996,0.917,0.988,0.997,1.000,0.989,0.993,0.997,1.0,1.000,0.963,0.987,0.984,0.990,0.975
dataset_benchmark/leave_one_out/politicalness/roberta-base/tweet_topic_multi,0.998,0.996,0.830,0.991,0.998,0.988,0.893,0.926,0.953,0.926,0.898,0.998,0.973,0.988,0.994,0.981,0.962,0.999,0.990,0.950,0.979,0.984,1.0,1.000,0.895,0.967,0.973,0.976,0.965
dataset_benchmark/leave_one_out/politicalness/roberta-base/yelp_review_full,0.998,0.995,0.858,0.993,0.998,0.991,0.909,0.942,0.946,0.942,0.955,1.000,0.968,0.989,0.989,0.975,0.987,0.999,0.998,0.987,0.989,0.996,1.0,1.000,0.942,0.980,0.982,0.986,0.974

dataset_benchmark/leave_one_out/politicalness/roberta-base/amazon_reviews_2023,1.000,0.999,0.846,0.996,1.000,0.998,0.854,0.942,0.950,0.963,0.986,1.000,0.990,0.997,0.998,0.971,0.997,0.999,1.000,0.991,0.997,0.998,1.0,1.000,0.982,0.993,0.991,0.993,0.979
dataset_benchmark/leave_one_out/politicalness/roberta-base/article_bias_prediction,0.999,0.998,0.863,0.996,0.998,0.996,0.903,0.941,0.956,0.955,0.958,1.000,0.985,0.994,0.999,0.973,0.995,0.999,0.987,0.988,0.996,0.997,1.0,1.000,0.975,0.989,0.988,0.991,0.979
dataset_benchmark/leave_one_out/politicalness/roberta-base/bignewsbln,0.999,0.998,0.872,0.997,0.999,0.995,0.900,0.941,0.954,0.949,0.939,1.000,0.982,0.996,0.996,0.981,0.994,1.000,0.999,0.972,0.994,0.999,1.0,1.000,0.969,0.988,0.990,0.993,0.979
dataset_benchmark/leave_one_out/politicalness/roberta-base/commoncrawl_news_articles,1.000,0.997,0.845,0.996,0.999,0.994,0.884,0.935,0.947,0.949,0.934,1.000,0.992,0.997,0.999,0.980,0.999,1.000,0.998,0.992,0.987,0.995,1.0,1.000,0.966,0.986,0.985,0.988,0.976
dataset_benchmark/leave_one_out/politicalness/roberta-base/dem_rep_party_platform_topics,0.999,0.996,0.860,0.991,0.997,0.989,0.910,0.931,0.953,0.948,0.906,1.000,0.987,0.991,0.997,0.977,0.998,1.000,0.992,0.985,0.989,0.946,1.0,0.999,0.932,0.979,0.982,0.985,0.973
dataset_benchmark/leave_one_out/politicalness/roberta-base/dialogsum,0.998,0.989,0.838,0.986,0.996,0.988,0.904,0.929,0.925,0.938,0.895,1.000,0.977,0.987,0.994,0.974,0.992,0.999,0.998,0.995,0.994,0.999,1.0,1.000,0.971,0.978,0.988,0.992,0.972
dataset_benchmark/leave_one_out/politicalness/roberta-base/free_news,0.999,0.999,0.650,0.996,1.000,0.996,0.867,0.942,0.939,0.957,0.972,1.000,0.987,0.998,0.999,0.968,0.996,0.999,1.000,0.995,0.998,0.998,1.0,1.000,0.986,0.993,0.992,0.995,0.984
dataset_benchmark/leave_one_out/politicalness/roberta-base/goodreads_book_genres,0.999,0.997,0.858,0.968,0.999,0.996,0.851,0.936,0.953,0.958,0.932,1.000,0.986,0.995,0.999,0.982,0.997,1.000,1.000,0.989,0.996,0.998,1.0,1.000,0.981,0.992,0.991,0.994,0.977
dataset_benchmark/leave_one_out/politicalness/roberta-base/gpt4_political_bias,0.999,0.998,0.862,0.997,0.999,0.998,0.868,0.944,0.964,0.952,0.981,1.000,0.985,0.997,0.996,0.964,0.996,0.999,1.000,0.985,0.998,0.999,1.0,1.000,0.990,0.991,0.993,0.996,0.980
dataset_benchmark/leave_one_out/politicalness/roberta-base/gpt4_political_ideologies,0.999,0.996,0.853,0.991,0.999,0.984,0.902,0.924,0.944,0.952,0.891,1.000,0.985,0.992,0.999,0.980,0.997,0.999,0.990,0.984,0.990,0.996,1.0,0.998,0.943,0.976,0.982,0.988,0.972
dataset_benchmark/leave_one_out/politicalness/roberta-base/imdb,0.999,0.998,0.844,0.995,0.998,0.993,0.914,0.932,0.933,0.944,0.883,1.000,0.986,0.994,0.997,0.982,0.995,0.999,0.998,0.993,0.993,0.996,1.0,1.000,0.965,0.982,0.987,0.991,0.974
dataset_benchmark/leave_one_out/politicalness/roberta-base/imdb_movie_genres,0.999,0.993,0.862,0.989,0.998,0.964,0.902,0.927,0.938,0.949,0.861,1.000,0.981,0.989,0.996,0.975,0.994,0.999,0.994,0.987,0.992,0.996,1.0,1.000,0.950,0.977,0.987,0.990,0.971
dataset_benchmark/leave_one_out/politicalness/roberta-base/media_political_stance,1.000,0.999,0.855,0.998,1.000,0.994,0.898,0.935,0.962,0.949,0.964,1.000,0.988,0.995,0.998,0.975,0.998,1.000,0.999,0.973,0.988,0.997,1.0,0.998,0.855,0.985,0.989,0.992,0.979
dataset_benchmark/leave_one_out/politicalness/roberta-base/medium_post_titles,0.999,0.997,0.822,0.993,0.996,0.992,0.871,0.920,0.930,0.950,0.901,1.000,0.983,0.990,0.997,0.983,0.990,0.999,0.998,0.990,0.993,0.997,1.0,1.000,0.968,0.988,0.987,0.991,0.976
dataset_benchmark/leave_one_out/politicalness/roberta-base/news_category,0.999,0.996,0.845,0.997,0.999,0.995,0.881,0.923,0.966,0.953,0.929,1.000,0.988,0.995,0.999,0.984,0.997,1.000,0.996,0.979,0.990,0.997,1.0,1.000,0.955,0.982,0.985,0.986,0.978
dataset_benchmark/leave_one_out/politicalness/roberta-base/pens,0.999,0.999,0.839,0.994,0.999,0.997,0.851,0.934,0.908,0.957,0.945,1.000,0.989,0.997,0.998,0.974,0.998,1.000,0.998,0.993,0.992,0.998,1.0,1.000,0.975,0.991,0.987,0.994,0.978
dataset_benchmark/leave_one_out/politicalness/roberta-base/polibertweet,1.000,1.000,0.333,1.000,1.000,1.000,0.385,0.333,0.391,0.333,0.333,1.000,1.000,1.000,1.000,0.922,1.000,1.000,0.000,0.000,0.000,0.000,0.0,0.000,0.000,0.000,0.000,0.000,0.507
dataset_benchmark/leave_one_out/politicalness/roberta-base/political_or_not,1.000,0.999,0.853,0.998,0.999,0.999,0.856,0.937,0.901,0.963,0.794,1.000,0.992,0.998,1.000,0.972,0.997,1.000,1.000,0.992,0.995,0.997,1.0,1.000,0.986,0.992,0.989,0.994,0.978
dataset_benchmark/leave_one_out/politicalness/roberta-base/political_podcasts,1.000,0.998,0.853,0.995,0.999,0.996,0.879,0.933,0.948,0.963,0.927,1.000,0.987,0.998,0.999,0.980,0.996,0.999,1.000,0.995,0.992,0.997,1.0,1.000,0.975,0.872,0.987,0.990,0.977
dataset_benchmark/leave_one_out/politicalness/roberta-base/political_tweets,1.000,0.999,0.832,0.995,0.999,0.996,0.870,0.940,0.945,0.963,0.974,1.000,0.989,0.998,0.998,0.969,0.998,1.000,1.000,0.993,0.997,0.998,1.0,1.000,0.987,0.993,0.620,0.993,0.979
dataset_benchmark/leave_one_out/politicalness/roberta-base/qbias,0.999,0.995,0.850,0.997,0.999,0.994,0.882,0.934,0.958,0.949,0.964,1.000,0.982,0.996,0.998,0.968,0.994,0.999,1.000,0.987,0.992,0.998,1.0,1.000,0.968,0.987,0.990,0.973,0.977
dataset_benchmark/leave_one_out/politicalness/roberta-base/recipes,0.998,0.984,0.812,0.967,0.991,0.963,0.876,0.892,0.916,0.884,0.819,1.000,0.980,0.975,0.998,0.929,0.987,0.999,0.998,0.994,0.994,0.985,1.0,1.000,0.956,0.978,0.776,0.986,0.950
dataset_benchmark/leave_one_out/politicalness/roberta-base/reddit_comments,0.999,0.997,0.856,0.997,0.999,0.997,0.895,0.936,0.955,0.953,0.953,1.000,0.967,0.993,0.997,0.973,0.995,0.999,1.000,0.991,0.996,0.999,1.0,1.000,0.976,0.991,0.990,0.994,0.979
dataset_benchmark/leave_one_out/politicalness/roberta-base/reddit_submissions,0.999,0.997,0.863,0.998,0.999,0.995,0.888,0.938,0.955,0.954,0.932,1.000,0.987,0.990,0.999,0.982,0.999,1.000,0.998,0.984,0.992,0.996,1.0,1.000,0.950,0.987,0.986,0.989,0.977
dataset_benchmark/leave_one_out/politicalness/roberta-base/rotten_tomatoes,0.999,0.994,0.868,0.989,0.997,0.985,0.900,0.924,0.940,0.942,0.876,1.000,0.986,0.991,0.989,0.976,0.997,1.000,0.996,0.987,0.992,0.984,1.0,1.000,0.952,0.975,0.982,0.983,0.971
dataset_benchmark/leave_one_out/politicalness/roberta-base/textbooks,0.999,0.996,0.848,0.995,0.999,0.994,0.900,0.938,0.945,0.952,0.941,1.000,0.980,0.995,0.998,0.933,0.994,0.999,1.000,0.994,0.997,0.999,1.0,1.000,0.981,0.993,0.992,0.995,0.979
dataset_benchmark/leave_one_out/politicalness/roberta-base/tweet_topic_multi,0.999,0.998,0.829,0.995,0.999,0.994,0.892,0.926,0.953,0.926,0.898,0.999,0.986,0.994,0.997,0.981,0.981,1.000,0.995,0.974,0.989,0.992,1.0,1.000,0.945,0.983,0.986,0.988,0.971
dataset_benchmark/leave_one_out/politicalness/roberta-base/yelp_review_full,0.999,0.997,0.858,0.996,0.999,0.996,0.908,0.942,0.946,0.942,0.955,1.000,0.984,0.995,0.994,0.973,0.994,0.999,0.999,0.994,0.994,0.998,1.0,1.000,0.970,0.990,0.991,0.993,0.978

dataset_benchmark/leave_one_out/politicalness/roberta-base/amazon_reviews_2023,1.0,1.0,0.846,1.0,1.0,1.0,0.880,0.942,0.950,0.963,0.986,1.0,1.0,1.0,1.0,0.972,1.0,1.0,1.0,1.0,1.0,1.0,1.0,1.0,1.0,1.0,1.0,1.0,0.983
dataset_benchmark/leave_one_out/politicalness/roberta-base/article_bias_prediction,1.0,1.0,0.864,1.0,1.0,1.0,0.910,0.941,0.958,0.955,0.959,1.0,1.0,1.0,1.0,0.974,1.0,1.0,1.0,1.0,1.0,1.0,1.0,1.0,1.0,1.0,1.0,1.0,0.984
dataset_benchmark/leave_one_out/politicalness/roberta-base/bignewsbln,1.0,1.0,0.872,1.0,1.0,1.0,0.909,0.941,0.956,0.950,0.940,1.0,1.0,1.0,1.0,0.980,1.0,1.0,1.0,1.0,1.0,1.0,1.0,1.0,1.0,1.0,1.0,1.0,0.983
dataset_benchmark/leave_one_out/politicalness/roberta-base/commoncrawl_news_articles,1.0,1.0,0.845,1.0,1.0,1.0,0.897,0.935,0.949,0.949,0.936,1.0,1.0,1.0,1.0,0.981,1.0,1.0,1.0,1.0,1.0,1.0,1.0,1.0,1.0,1.0,1.0,1.0,0.981
dataset_benchmark/leave_one_out/politicalness/roberta-base/dem_rep_party_platform_topics,1.0,1.0,0.860,1.0,1.0,1.0,0.911,0.931,0.955,0.948,0.909,1.0,1.0,1.0,1.0,0.978,1.0,1.0,1.0,1.0,1.0,1.0,1.0,1.0,1.0,1.0,1.0,1.0,0.981
dataset_benchmark/leave_one_out/politicalness/roberta-base/dialogsum,1.0,1.0,0.841,1.0,1.0,1.0,0.906,0.930,0.933,0.939,0.908,1.0,1.0,1.0,1.0,0.978,1.0,1.0,1.0,1.0,1.0,1.0,1.0,1.0,1.0,1.0,1.0,1.0,0.979
dataset_benchmark/leave_one_out/politicalness/roberta-base/free_news,1.0,1.0,0.721,1.0,1.0,1.0,0.886,0.943,0.939,0.957,0.972,1.0,1.0,1.0,1.0,0.970,1.0,1.0,1.0,1.0,1.0,1.0,1.0,1.0,1.0,1.0,1.0,1.0,0.988
dataset_benchmark/leave_one_out/politicalness/roberta-base/goodreads_book_genres,1.0,1.0,0.859,1.0,1.0,1.0,0.878,0.936,0.955,0.958,0.936,1.0,1.0,1.0,1.0,0.982,1.0,1.0,1.0,1.0,1.0,1.0,1.0,1.0,1.0,1.0,1.0,1.0,0.982
dataset_benchmark/leave_one_out/politicalness/roberta-base/gpt4_political_bias,1.0,1.0,0.862,1.0,1.0,1.0,0.887,0.945,0.964,0.953,0.981,1.0,1.0,1.0,1.0,0.966,1.0,1.0,1.0,1.0,1.0,1.0,1.0,1.0,1.0,1.0,1.0,1.0,0.984
dataset_benchmark/leave_one_out/politicalness/roberta-base/gpt4_political_ideologies,1.0,1.0,0.853,1.0,1.0,1.0,0.909,0.924,0.948,0.952,0.893,1.0,1.0,1.0,1.0,0.981,1.0,1.0,1.0,1.0,1.0,1.0,1.0,1.0,1.0,1.0,1.0,1.0,0.980
dataset_benchmark/leave_one_out/politicalness/roberta-base/imdb,1.0,1.0,0.846,1.0,1.0,1.0,0.914,0.935,0.939,0.944,0.894,1.0,1.0,1.0,1.0,0.982,1.0,1.0,1.0,1.0,1.0,1.0,1.0,1.0,1.0,1.0,1.0,1.0,0.980
dataset_benchmark/leave_one_out/politicalness/roberta-base/imdb_movie_genres,1.0,1.0,0.862,1.0,1.0,1.0,0.906,0.927,0.943,0.949,0.885,1.0,1.0,1.0,1.0,0.978,1.0,1.0,1.0,1.0,1.0,1.0,1.0,1.0,1.0,1.0,1.0,1.0,0.980
dataset_benchmark/leave_one_out/politicalness/roberta-base/media_political_stance,1.0,1.0,0.861,1.0,1.0,1.0,0.907,0.935,0.962,0.949,0.964,1.0,1.0,1.0,1.0,0.977,1.0,1.0,1.0,1.0,1.0,1.0,1.0,1.0,1.0,1.0,1.0,1.0,0.984
dataset_benchmark/leave_one_out/politicalness/roberta-base/medium_post_titles,1.0,1.0,0.823,1.0,1.0,1.0,0.879,0.925,0.937,0.950,0.909,1.0,1.0,1.0,1.0,0.983,1.0,1.0,1.0,1.0,1.0,1.0,1.0,1.0,1.0,1.0,1.0,1.0,0.982
dataset_benchmark/leave_one_out/politicalness/roberta-base/news_category,1.0,1.0,0.850,1.0,1.0,1.0,0.894,0.924,0.967,0.953,0.929,1.0,1.0,1.0,1.0,0.984,1.0,1.0,1.0,1.0,1.0,1.0,1.0,1.0,1.0,1.0,1.0,1.0,0.984
dataset_benchmark/leave_one_out/politicalness/roberta-base/pens,1.0,1.0,0.840,1.0,1.0,1.0,0.876,0.934,0.921,0.958,0.945,1.0,1.0,1.0,1.0,0.973,1.0,1.0,1.0,1.0,1.0,1.0,1.0,1.0,1.0,1.0,1.0,1.0,0.982
dataset_benchmark/leave_one_out/politicalness/roberta-base/polibertweet,1.0,1.0,0.250,1.0,1.0,1.0,0.298,0.250,0.304,0.250,0.250,1.0,1.0,1.0,1.0,0.898,1.0,1.0,0.0,0.0,0.0,0.0,0.0,0.0,0.0,0.0,0.0,0.0,0.491
dataset_benchmark/leave_one_out/politicalness/roberta-base/political_or_not,1.0,1.0,0.853,1.0,1.0,1.0,0.878,0.937,0.903,0.963,0.796,1.0,1.0,1.0,1.0,0.972,1.0,1.0,1.0,1.0,1.0,1.0,1.0,1.0,1.0,1.0,1.0,1.0,0.982
dataset_benchmark/leave_one_out/politicalness/roberta-base/political_podcasts,1.0,1.0,0.853,1.0,1.0,1.0,0.892,0.933,0.951,0.963,0.928,1.0,1.0,1.0,1.0,0.980,1.0,1.0,1.0,1.0,1.0,1.0,1.0,1.0,1.0,1.0,1.0,1.0,0.981
dataset_benchmark/leave_one_out/politicalness/roberta-base/political_tweets,1.0,1.0,0.835,1.0,1.0,1.0,0.890,0.940,0.945,0.963,0.974,1.0,1.0,1.0,1.0,0.970,1.0,1.0,1.0,1.0,1.0,1.0,1.0,1.0,1.0,1.0,1.0,1.0,0.982
dataset_benchmark/leave_one_out/politicalness/roberta-base/qbias,1.0,1.0,0.850,1.0,1.0,1.0,0.894,0.934,0.960,0.949,0.965,1.0,1.0,1.0,1.0,0.969,1.0,1.0,1.0,1.0,1.0,1.0,1.0,1.0,1.0,1.0,1.0,1.0,0.982
dataset_benchmark/leave_one_out/politicalness/roberta-base/recipes,1.0,1.0,0.827,1.0,1.0,1.0,0.882,0.892,0.926,0.894,0.842,1.0,1.0,1.0,1.0,0.965,1.0,1.0,1.0,1.0,1.0,1.0,1.0,1.0,1.0,1.0,1.0,1.0,0.971
dataset_benchmark/leave_one_out/politicalness/roberta-base/reddit_comments,1.0,1.0,0.856,1.0,1.0,1.0,0.903,0.937,0.957,0.953,0.954,1.0,1.0,1.0,1.0,0.974,1.0,1.0,1.0,1.0,1.0,1.0,1.0,1.0,1.0,1.0,1.0,1.0,0.983
dataset_benchmark/leave_one_out/politicalness/roberta-base/reddit_submissions,1.0,1.0,0.863,1.0,1.0,1.0,0.899,0.938,0.956,0.954,0.935,1.0,1.0,1.0,1.0,0.981,1.0,1.0,1.0,1.0,1.0,1.0,1.0,1.0,1.0,1.0,1.0,1.0,0.982
dataset_benchmark/leave_one_out/politicalness/roberta-base/rotten_tomatoes,1.0,1.0,0.868,1.0,1.0,1.0,0.908,0.924,0.945,0.943,0.887,1.0,1.0,1.0,1.0,0.980,1.0,1.0,1.0,1.0,1.0,1.0,1.0,1.0,1.0,1.0,1.0,1.0,0.980
dataset_benchmark/leave_one_out/politicalness/roberta-base/textbooks,1.0,1.0,0.849,1.0,1.0,1.0,0.907,0.938,0.948,0.952,0.945,1.0,1.0,1.0,1.0,0.962,1.0,1.0,1.0,1.0,1.0,1.0,1.0,1.0,1.0,1.0,1.0,1.0,0.983
dataset_benchmark/leave_one_out/politicalness/roberta-base/tweet_topic_multi,1.0,1.0,0.833,1.0,1.0,1.0,0.899,0.926,0.955,0.926,0.898,1.0,1.0,1.0,1.0,0.982,1.0,1.0,1.0,1.0,1.0,1.0,1.0,1.0,1.0,1.0,1.0,1.0,0.978
dataset_benchmark/leave_one_out/politicalness/roberta-base/yelp_review_full,1.0,1.0,0.859,1.0,1.0,1.0,0.913,0.942,0.950,0.943,0.957,1.0,1.0,1.0,1.0,0.973,1.0,1.0,1.0,1.0,1.0,1.0,1.0,1.0,1.0,1.0,1.0,1.0,0.983

dataset_benchmark/leave_one_out/politicalness/roberta-base/amazon_reviews_2023,0.999,0.999,0.846,0.993,0.999,0.996,0.858,0.942,0.950,0.963,0.986,1.000,0.981,0.994,0.997,0.973,0.994,0.999,1.000,0.981,0.993,0.996,1.0,1.000,0.965,0.986,0.983,0.986,0.976
dataset_benchmark/leave_one_out/politicalness/roberta-base/article_bias_prediction,0.998,0.996,0.863,0.992,0.996,0.993,0.904,0.941,0.956,0.955,0.958,0.999,0.971,0.988,0.998,0.975,0.991,0.999,0.974,0.977,0.992,0.995,1.0,1.000,0.952,0.979,0.976,0.982,0.975
dataset_benchmark/leave_one_out/politicalness/roberta-base/bignewsbln,0.999,0.996,0.872,0.993,0.998,0.991,0.902,0.941,0.954,0.949,0.939,0.999,0.965,0.992,0.992,0.981,0.988,0.999,0.999,0.945,0.989,0.997,1.0,1.000,0.940,0.976,0.981,0.985,0.975
dataset_benchmark/leave_one_out/politicalness/roberta-base/commoncrawl_news_articles,0.999,0.994,0.845,0.992,0.998,0.989,0.886,0.935,0.947,0.949,0.934,1.000,0.985,0.993,0.997,0.980,0.998,0.999,0.996,0.984,0.973,0.990,1.0,1.000,0.933,0.973,0.971,0.977,0.972
dataset_benchmark/leave_one_out/politicalness/roberta-base/dem_rep_party_platform_topics,0.998,0.993,0.860,0.981,0.994,0.979,0.910,0.931,0.953,0.948,0.907,1.000,0.974,0.982,0.994,0.976,0.997,0.999,0.984,0.970,0.978,0.898,1.0,0.998,0.872,0.960,0.966,0.971,0.966
dataset_benchmark/leave_one_out/politicalness/roberta-base/dialogsum,0.997,0.979,0.838,0.972,0.992,0.976,0.904,0.929,0.925,0.938,0.896,1.000,0.954,0.975,0.987,0.972,0.983,0.997,0.996,0.991,0.989,0.998,1.0,1.000,0.944,0.957,0.977,0.983,0.966
dataset_benchmark/leave_one_out/politicalness/roberta-base/free_news,0.999,0.997,0.670,0.992,0.999,0.992,0.870,0.942,0.939,0.957,0.972,0.999,0.974,0.995,0.999,0.972,0.992,0.999,1.000,0.990,0.996,0.997,1.0,1.000,0.973,0.987,0.985,0.990,0.982
dataset_benchmark/leave_one_out/politicalness/roberta-base/goodreads_book_genres,0.999,0.993,0.858,0.939,0.998,0.993,0.856,0.936,0.953,0.958,0.933,1.000,0.973,0.990,0.999,0.983,0.994,0.999,1.000,0.979,0.993,0.997,1.0,1.000,0.962,0.984,0.982,0.988,0.974
dataset_benchmark/leave_one_out/politicalness/roberta-base/gpt4_political_bias,0.999,0.996,0.862,0.993,0.998,0.996,0.871,0.944,0.964,0.952,0.981,0.999,0.970,0.994,0.992,0.968,0.992,0.999,0.999,0.971,0.996,0.998,1.0,1.000,0.980,0.983,0.986,0.992,0.977
dataset_benchmark/leave_one_out/politicalness/roberta-base/gpt4_political_ideologies,0.998,0.992,0.853,0.982,0.997,0.968,0.903,0.924,0.944,0.952,0.891,1.000,0.971,0.984,0.997,0.980,0.994,0.998,0.979,0.968,0.981,0.993,1.0,0.996,0.892,0.953,0.964,0.976,0.964
dataset_benchmark/leave_one_out/politicalness/roberta-base/imdb,0.998,0.996,0.844,0.990,0.995,0.986,0.914,0.932,0.933,0.944,0.884,1.000,0.973,0.988,0.993,0.981,0.989,0.998,0.995,0.985,0.986,0.993,1.0,1.000,0.933,0.964,0.974,0.982,0.969
dataset_benchmark/leave_one_out/politicalness/roberta-base/imdb_movie_genres,0.998,0.986,0.862,0.978,0.996,0.931,0.902,0.927,0.938,0.949,0.863,1.000,0.962,0.978,0.991,0.973,0.988,0.998,0.988,0.974,0.984,0.991,1.0,1.000,0.905,0.955,0.974,0.981,0.964
dataset_benchmark/leave_one_out/politicalness/roberta-base/media_political_stance,0.999,0.999,0.855,0.996,0.999,0.987,0.899,0.935,0.962,0.949,0.964,1.000,0.976,0.991,0.996,0.977,0.995,0.999,0.998,0.947,0.976,0.994,1.0,0.996,0.747,0.970,0.978,0.983,0.975
dataset_benchmark/leave_one_out/politicalness/roberta-base/medium_post_titles,0.998,0.995,0.822,0.985,0.991,0.984,0.871,0.921,0.930,0.950,0.901,1.000,0.967,0.980,0.994,0.982,0.980,0.999,0.995,0.980,0.987,0.995,1.0,1.000,0.938,0.976,0.975,0.982,0.971
dataset_benchmark/leave_one_out/politicalness/roberta-base/news_category,0.999,0.992,0.845,0.994,0.999,0.990,0.883,0.923,0.966,0.953,0.929,1.000,0.975,0.990,0.999,0.984,0.995,0.999,0.992,0.958,0.981,0.993,1.0,1.000,0.913,0.964,0.970,0.973,0.972
dataset_benchmark/leave_one_out/politicalness/roberta-base/pens,0.999,0.998,0.839,0.989,0.999,0.995,0.855,0.934,0.908,0.957,0.945,1.000,0.979,0.995,0.996,0.975,0.996,0.999,0.997,0.986,0.985,0.996,1.0,1.000,0.951,0.982,0.975,0.988,0.974
dataset_benchmark/leave_one_out/politicalness/roberta-base/polibertweet,1.000,1.000,0.500,1.000,1.000,1.000,0.546,0.500,0.551,0.500,0.500,1.000,1.000,1.000,1.000,0.948,1.000,1.000,0.000,0.000,0.000,0.000,0.0,0.000,0.000,0.000,0.000,0.000,0.539
dataset_benchmark/leave_one_out/politicalness/roberta-base/political_or_not,0.999,0.999,0.853,0.995,0.999,0.998,0.860,0.937,0.902,0.963,0.794,0.999,0.984,0.995,0.999,0.974,0.994,0.999,1.000,0.983,0.990,0.993,1.0,1.000,0.972,0.984,0.977,0.988,0.975
dataset_benchmark/leave_one_out/politicalness/roberta-base/political_podcasts,0.999,0.996,0.853,0.990,0.997,0.992,0.881,0.933,0.948,0.963,0.927,0.999,0.974,0.995,0.998,0.980,0.992,0.999,0.999,0.989,0.984,0.993,1.0,1.000,0.951,0.772,0.974,0.980,0.974
dataset_benchmark/leave_one_out/politicalness/roberta-base/political_tweets,0.999,0.998,0.832,0.991,0.999,0.992,0.873,0.940,0.945,0.963,0.974,1.000,0.979,0.995,0.996,0.972,0.996,1.000,0.999,0.986,0.994,0.997,1.0,1.000,0.973,0.986,0.450,0.986,0.976
dataset_benchmark/leave_one_out/politicalness/roberta-base/qbias,0.998,0.990,0.850,0.993,0.998,0.989,0.884,0.934,0.958,0.949,0.964,1.000,0.966,0.992,0.997,0.967,0.988,0.998,1.000,0.975,0.984,0.995,1.0,1.000,0.937,0.975,0.979,0.947,0.973
dataset_benchmark/leave_one_out/politicalness/roberta-base/recipes,0.995,0.968,0.813,0.937,0.982,0.929,0.878,0.892,0.916,0.884,0.822,0.999,0.961,0.952,0.996,0.911,0.974,0.998,0.995,0.987,0.987,0.971,1.0,1.000,0.916,0.958,0.634,0.973,0.934
dataset_benchmark/leave_one_out/politicalness/roberta-base/reddit_comments,0.999,0.995,0.856,0.994,0.999,0.995,0.896,0.936,0.955,0.953,0.953,0.999,0.936,0.987,0.994,0.975,0.990,0.999,1.000,0.983,0.992,0.997,1.0,1.000,0.953,0.983,0.980,0.989,0.976
dataset_benchmark/leave_one_out/politicalness/roberta-base/reddit_submissions,0.998,0.994,0.863,0.995,0.998,0.991,0.890,0.938,0.954,0.954,0.933,1.000,0.975,0.980,0.997,0.982,0.998,0.999,0.996,0.968,0.983,0.991,1.0,1.000,0.904,0.973,0.972,0.979,0.971
dataset_benchmark/leave_one_out/politicalness/roberta-base/rotten_tomatoes,0.998,0.989,0.868,0.979,0.994,0.971,0.901,0.924,0.940,0.942,0.877,1.000,0.972,0.983,0.978,0.975,0.994,0.999,0.993,0.974,0.984,0.969,1.0,1.000,0.909,0.951,0.964,0.967,0.964
dataset_benchmark/leave_one_out/politicalness/roberta-base/textbooks,0.998,0.993,0.848,0.991,0.998,0.988,0.901,0.938,0.945,0.952,0.941,0.999,0.961,0.991,0.996,0.917,0.988,0.997,1.000,0.989,0.993,0.997,1.0,1.000,0.963,0.987,0.984,0.990,0.975
dataset_benchmark/leave_one_out/politicalness/roberta-base/tweet_topic_multi,0.998,0.996,0.830,0.991,0.998,0.988,0.893,0.926,0.953,0.926,0.898,0.998,0.973,0.988,0.994,0.981,0.962,0.999,0.990,0.950,0.979,0.984,1.0,1.000,0.895,0.967,0.973,0.976,0.965
dataset_benchmark/leave_one_out/politicalness/roberta-base/yelp_review_full,0.998,0.995,0.858,0.993,0.998,0.991,0.909,0.942,0.946,0.942,0.955,1.000,0.968,0.989,0.989,0.975,0.987,0.999,0.998,0.987,0.989,0.996,1.0,1.000,0.942,0.980,0.982,0.986,0.974
